District,Year,SO2,NO2,PM10,PM2.5,Diphtheria
Ahmednagar,2000,18.66,26.99,45.1,49.76,0
Ahmednagar,2001,23.76,13.59,53.87,28.12,0
Ahmednagar,2002,13.54,7.58,49.63,19.15,0
Ahmednagar,2003,18.87,13.29,43.11,25.71,1
Ahmednagar,2004,14.14,15.84,59.16,26.85,1
Ahmednagar,2005,16.37,22.56,65.62,29.0,0
Ahmednagar,2006,15.29,34.89,42.79,23.22,0
Ahmednagar,2007,16.11,23.52,43.01,41.67,1
Ahmednagar,2008,17.97,21.74,59.42,37.33,0
Ahmednagar,2009,19.37,30.15,60.51,39.55,1
Ahmednagar,2010,6.88,28.0,51.74,40.7,0
Ahmednagar,2011,16.12,33.3,65.95,36.9,1
Ahmednagar,2012,15.54,29.18,63.79,40.63,0
Ahmednagar,2013,28.6,32.1,83.84,38.83,0
Ahmednagar,2014,20.97,14.81,76.84,23.05,0
Ahmednagar,2015,24.55,30.37,72.31,33.83,0
Ahmednagar,2016,11.94,29.51,54.86,22.42,0
Ahmednagar,2017,20.11,30.23,71.75,58.8,1
Ahmednagar,2018,21.43,29.86,70.42,39.46,1
Ahmednagar,2019,20.03,31.68,74.05,58.04,0
Ahmednagar,2020,22.71,32.17,81.62,35.52,1
Ahmednagar,2021,36.12,43.73,71.02,56.66,1
Ahmednagar,2022,29.46,40.4,82.38,45.8,0
Ahmednagar,2023,25.53,36.26,69.94,66.63,0
Ahmednagar,2024,21.24,29.84,74.66,56.65,0
Ahmednagar,2025,18.33,35.39,91.36,46.24,0
Akola,2000,12.28,23.02,55.47,45.67,0
Akola,2001,12.59,21.07,43.07,30.86,1
Akola,2002,14.31,21.04,50.82,27.88,0
Akola,2003,17.38,22.04,46.93,23.33,1
Akola,2004,13.8,27.39,50.05,37.05,1
Akola,2005,16.9,30.28,62.12,31.36,0
Akola,2006,16.6,21.58,42.39,38.35,0
Akola,2007,10.95,25.3,65.94,48.96,0
Akola,2008,15.24,28.0,58.06,35.26,0
Akola,2009,22.4,21.34,44.36,37.35,0
Akola,2010,19.23,24.05,56.08,28.81,0
Akola,2011,18.32,33.59,62.73,39.09,0
Akola,2012,8.96,27.01,66.62,49.34,0
Akola,2013,17.93,31.5,49.88,32.16,1
Akola,2014,25.93,23.9,63.97,31.08,0
Akola,2015,24.68,21.81,68.58,34.86,1
Akola,2016,16.94,26.13,64.23,43.33,1
Akola,2017,21.31,28.33,72.84,50.45,0
Akola,2018,20.66,27.61,72.75,57.78,1
Akola,2019,24.34,29.36,81.97,37.08,0
Akola,2020,18.67,32.01,69.78,52.31,0
Akola,2021,18.27,32.29,49.75,47.17,0
Akola,2022,21.25,18.28,76.41,57.33,1
Akola,2023,17.64,31.67,73.02,37.91,1
Akola,2024,15.65,23.62,79.1,51.09,0
Akola,2025,21.12,40.79,81.48,42.85,0
Amravati,2000,10.56,19.7,46.13,35.95,0
Amravati,2001,21.5,24.15,34.75,31.12,0
Amravati,2002,15.3,16.73,65.68,39.17,0
Amravati,2003,11.13,31.14,58.94,27.93,0
Amravati,2004,16.04,33.86,62.54,39.52,0
Amravati,2005,16.52,19.87,41.11,52.7,0
Amravati,2006,14.64,18.86,48.49,33.2,0
Amravati,2007,19.38,18.51,59.32,37.06,1
Amravati,2008,7.74,28.31,69.16,34.78,0
Amravati,2009,20.35,25.9,67.15,45.63,0
Amravati,2010,19.34,23.74,58.11,41.2,1
Amravati,2011,16.4,26.58,72.34,39.56,0
Amravati,2012,17.96,26.54,73.84,40.93,0
Amravati,2013,10.88,15.83,71.2,56.04,0
Amravati,2014,13.77,37.96,85.92,25.72,0
Amravati,2015,21.48,28.57,67.55,35.17,1
Amravati,2016,20.51,38.34,56.2,45.41,1
Amravati,2017,17.76,20.52,71.13,50.52,1
Amravati,2018,18.56,16.82,70.58,35.48,1
Amravati,2019,18.98,22.39,57.34,43.71,0
Amravati,2020,29.05,31.98,90.77,55.13,0
Amravati,2021,31.16,25.21,57.25,59.42,0
Amravati,2022,18.26,27.82,94.15,39.74,0
Amravati,2023,17.57,27.35,84.79,40.17,0
Amravati,2024,18.85,18.87,60.11,58.07,0
Amravati,2025,20.43,44.14,87.32,52.92,1
Aurangabad,2000,12.02,25.48,58.5,16.92,0
Aurangabad,2001,20.39,19.47,59.83,33.61,1
Aurangabad,2002,8.36,14.73,51.61,38.77,0
Aurangabad,2003,10.14,15.88,60.14,41.2,0
Aurangabad,2004,14.44,18.87,45.18,36.57,0
Aurangabad,2005,16.26,28.31,49.81,33.73,1
Aurangabad,2006,14.72,18.37,60.53,39.56,1
Aurangabad,2007,24.52,18.82,53.49,30.35,0
Aurangabad,2008,20.5,19.91,66.29,45.61,0
Aurangabad,2009,23.2,27.73,55.1,51.32,0
Aurangabad,2010,15.32,27.81,62.68,20.84,0
Aurangabad,2011,16.62,20.31,57.98,45.62,0
Aurangabad,2012,12.86,31.44,64.97,39.24,0
Aurangabad,2013,22.58,22.67,75.03,49.4,0
Aurangabad,2014,21.22,27.79,78.4,42.75,0
Aurangabad,2015,15.77,23.72,76.88,36.4,0
Aurangabad,2016,19.59,33.9,76.76,56.16,0
Aurangabad,2017,19.27,20.11,62.23,42.45,1
Aurangabad,2018,21.11,25.25,88.02,39.32,1
Aurangabad,2019,29.8,16.85,68.36,47.64,0
Aurangabad,2020,20.79,27.63,81.87,44.02,0
Aurangabad,2021,25.53,23.4,83.88,37.85,1
Aurangabad,2022,25.49,23.57,92.73,54.79,0
Aurangabad,2023,31.03,43.41,56.7,34.31,0
Aurangabad,2024,25.34,35.4,81.89,60.45,0
Aurangabad,2025,28.89,21.95,96.6,50.78,0
Beed,2000,14.29,16.98,57.43,26.82,0
Beed,2001,11.01,23.38,50.58,24.41,0
Beed,2002,9.95,14.56,64.01,42.49,1
Beed,2003,4.5,14.92,46.68,27.93,0
Beed,2004,15.99,19.73,53.19,43.93,0
Beed,2005,12.82,15.86,46.7,38.93,0
Beed,2006,12.35,26.63,73.22,35.58,0
Beed,2007,23.75,25.44,64.73,32.96,1
Beed,2008,20.61,29.51,62.42,40.37,1
Beed,2009,12.06,37.83,50.6,40.52,1
Beed,2010,16.59,27.37,72.83,24.15,0
Beed,2011,22.96,22.83,67.07,41.39,0
Beed,2012,21.92,20.71,70.58,51.62,0
Beed,2013,15.51,22.81,82.67,35.17,1
Beed,2014,26.2,24.27,84.66,42.87,1
Beed,2015,24.61,31.05,72.59,28.6,1
Beed,2016,20.31,32.55,54.92,52.66,1
Beed,2017,20.05,26.61,68.26,57.99,0
Beed,2018,19.29,35.54,76.35,53.33,1
Beed,2019,13.13,27.31,82.82,43.31,1
Beed,2020,23.47,25.22,96.21,36.7,0
Beed,2021,25.48,24.95,65.93,40.57,0
Beed,2022,19.43,24.29,79.93,43.26,0
Beed,2023,17.71,28.7,72.76,49.26,0
Beed,2024,24.87,21.31,63.94,58.28,0
Beed,2025,25.63,45.83,72.43,56.04,1
Bhandara,2000,16.91,9.51,55.69,43.83,1
Bhandara,2001,17.37,13.67,43.73,7.85,0
Bhandara,2002,9.21,23.12,46.36,21.78,0
Bhandara,2003,11.13,24.28,69.47,38.28,0
Bhandara,2004,15.98,34.33,37.91,18.92,0
Bhandara,2005,16.3,27.61,55.32,30.04,0
Bhandara,2006,26.14,34.21,57.85,37.11,0
Bhandara,2007,7.5,28.11,57.14,52.43,1
Bhandara,2008,17.63,18.18,61.47,31.46,0
Bhandara,2009,17.33,21.5,59.15,43.71,0
Bhandara,2010,16.17,19.74,64.79,41.46,1
Bhandara,2011,23.69,20.4,59.98,32.05,1
Bhandara,2012,16.78,17.96,50.7,40.78,1
Bhandara,2013,29.76,26.33,72.3,40.81,0
Bhandara,2014,19.31,27.4,63.31,48.24,0
Bhandara,2015,22.01,34.31,67.22,55.06,1
Bhandara,2016,27.48,32.16,51.3,46.82,1
Bhandara,2017,21.39,28.18,93.47,46.85,1
Bhandara,2018,22.96,24.88,56.2,45.85,0
Bhandara,2019,24.69,27.02,73.17,46.22,0
Bhandara,2020,30.93,21.93,89.83,48.58,1
Bhandara,2021,21.46,26.2,76.04,42.96,0
Bhandara,2022,16.74,32.14,76.29,54.39,0
Bhandara,2023,20.96,25.77,71.27,65.44,0
Bhandara,2024,19.36,31.21,76.19,62.55,0
Bhandara,2025,17.1,35.82,84.77,52.74,0
Buldhana,2000,9.0,22.96,53.17,31.67,0
Buldhana,2001,14.54,25.63,47.0,31.44,0
Buldhana,2002,20.74,25.49,44.94,26.48,0
Buldhana,2003,12.84,25.0,61.91,40.8,0
Buldhana,2004,5.58,19.55,38.61,42.9,0
Buldhana,2005,12.1,13.05,46.68,24.57,0
Buldhana,2006,18.87,23.42,63.66,27.47,0
Buldhana,2007,23.1,19.22,49.63,41.59,0
Buldhana,2008,13.37,15.21,71.68,27.77,1
Buldhana,2009,17.24,30.38,45.07,60.01,0
Buldhana,2010,7.61,25.05,66.33,43.07,0
Buldhana,2011,22.35,29.88,57.44,51.49,1
Buldhana,2012,11.7,29.08,56.37,40.01,0
Buldhana,2013,18.42,13.18,51.18,40.43,0
Buldhana,2014,20.31,31.42,57.07,37.11,1
Buldhana,2015,8.2,22.29,76.79,36.56,1
Buldhana,2016,23.94,26.66,64.87,54.9,0
Buldhana,2017,21.67,20.92,67.05,38.94,0
Buldhana,2018,14.01,23.31,53.66,41.66,1
Buldhana,2019,27.4,31.6,79.76,37.66,0
Buldhana,2020,18.9,39.56,69.3,43.63,1
Buldhana,2021,29.58,27.38,67.91,53.02,1
Buldhana,2022,7.69,29.53,74.93,54.18,1
Buldhana,2023,14.77,29.99,72.67,56.77,0
Buldhana,2024,17.26,30.37,70.88,43.63,1
Buldhana,2025,26.91,18.77,81.44,67.17,0
Chandrapur,2000,16.47,9.42,39.26,28.36,0
Chandrapur,2001,24.69,12.15,50.78,23.3,1
Chandrapur,2002,21.89,27.15,48.21,34.37,0
Chandrapur,2003,11.04,20.82,45.42,35.58,0
Chandrapur,2004,22.89,14.38,47.59,41.7,0
Chandrapur,2005,16.92,20.74,51.49,33.72,1
Chandrapur,2006,15.62,12.03,69.16,18.6,0
Chandrapur,2007,15.45,26.4,50.47,39.19,0
Chandrapur,2008,21.29,23.24,62.09,30.18,0
Chandrapur,2009,20.8,26.11,41.78,26.73,0
Chandrapur,2010,19.81,26.75,60.29,36.79,0
Chandrapur,2011,18.53,23.16,49.69,37.25,0
Chandrapur,2012,14.82,25.07,70.33,43.2,0
Chandrapur,2013,23.26,34.94,54.81,19.56,0
Chandrapur,2014,18.14,27.79,65.09,44.04,0
Chandrapur,2015,16.31,18.97,73.92,46.17,1
Chandrapur,2016,24.65,37.03,58.81,57.64,1
Chandrapur,2017,16.93,31.72,75.29,50.89,0
Chandrapur,2018,19.65,29.22,79.84,35.26,0
Chandrapur,2019,21.38,30.12,82.96,40.24,0
Chandrapur,2020,22.35,35.38,94.95,37.18,0
Chandrapur,2021,17.92,29.09,77.22,27.4,1
Chandrapur,2022,25.86,31.81,82.4,55.96,0
Chandrapur,2023,19.34,25.15,68.19,37.94,0
Chandrapur,2024,27.44,25.76,67.88,44.51,1
Chandrapur,2025,25.94,32.8,86.03,65.12,0
Dhule,2000,12.91,22.43,35.83,27.2,1
Dhule,2001,23.39,19.69,38.24,23.02,0
Dhule,2002,12.76,17.5,48.14,28.84,0
Dhule,2003,21.38,20.71,57.19,20.39,0
Dhule,2004,14.41,25.11,56.45,30.66,0
Dhule,2005,22.69,21.74,46.12,40.22,1
Dhule,2006,16.42,28.23,52.06,39.18,0
Dhule,2007,9.52,18.17,56.09,29.19,0
Dhule,2008,15.98,23.88,57.15,32.62,0
Dhule,2009,28.56,30.08,56.81,30.31,1
Dhule,2010,19.91,29.87,40.14,37.08,0
Dhule,2011,16.51,17.43,45.52,30.44,0
Dhule,2012,16.26,30.41,53.33,44.69,0
Dhule,2013,15.34,29.81,68.45,46.24,0
Dhule,2014,20.8,21.05,80.02,42.62,0
Dhule,2015,19.8,26.41,75.04,37.93,1
Dhule,2016,16.61,27.3,62.11,52.65,1
Dhule,2017,19.03,31.52,60.41,59.8,0
Dhule,2018,20.94,23.96,87.37,36.22,0
Dhule,2019,9.43,26.51,57.16,22.88,0
Dhule,2020,23.4,28.25,63.75,57.12,0
Dhule,2021,31.06,30.21,77.27,34.39,0
Dhule,2022,32.89,32.94,82.55,52.11,1
Dhule,2023,15.39,33.78,94.97,56.09,0
Dhule,2024,14.93,31.34,68.87,35.64,0
Dhule,2025,30.59,30.96,70.89,60.43,0
Gadchiroli,2000,20.59,23.88,51.01,42.81,0
Gadchiroli,2001,7.27,11.38,44.33,32.91,0
Gadchiroli,2002,17.55,27.97,59.18,47.55,0
Gadchiroli,2003,6.43,23.12,51.47,32.82,0
Gadchiroli,2004,22.76,28.76,48.55,21.36,0
Gadchiroli,2005,16.75,23.55,54.46,37.36,1
Gadchiroli,2006,15.46,34.22,57.72,40.55,0
Gadchiroli,2007,13.46,20.75,57.46,35.82,0
Gadchiroli,2008,24.46,16.98,47.12,34.45,0
Gadchiroli,2009,16.02,22.35,50.67,32.74,0
Gadchiroli,2010,13.94,26.95,61.96,44.69,0
Gadchiroli,2011,22.33,22.63,78.64,26.08,0
Gadchiroli,2012,14.95,20.36,51.14,48.68,0
Gadchiroli,2013,23.74,29.15,67.04,55.22,0
Gadchiroli,2014,21.29,33.12,70.93,39.46,1
Gadchiroli,2015,22.46,31.17,67.44,47.6,0
Gadchiroli,2016,15.98,33.2,69.78,29.15,1
Gadchiroli,2017,16.82,21.78,70.48,40.26,0
Gadchiroli,2018,20.04,29.58,60.82,57.13,0
Gadchiroli,2019,13.35,28.61,83.01,46.44,0
Gadchiroli,2020,13.96,29.1,72.08,51.03,1
Gadchiroli,2021,23.11,46.85,83.76,47.94,0
Gadchiroli,2022,30.8,26.72,65.75,38.61,0
Gadchiroli,2023,22.63,22.48,64.76,45.17,0
Gadchiroli,2024,22.04,38.83,80.99,51.61,1
Gadchiroli,2025,35.05,30.06,59.64,51.04,0
Gondia,2000,7.57,12.64,57.21,31.33,0
Gondia,2001,17.45,25.14,39.26,47.06,0
Gondia,2002,12.78,26.02,48.84,19.72,0
Gondia,2003,20.42,16.37,43.31,33.11,0
Gondia,2004,11.37,30.29,52.05,31.73,0
Gondia,2005,13.21,24.66,56.04,23.5,1
Gondia,2006,12.48,22.06,54.59,40.4,0
Gondia,2007,21.78,29.41,65.53,33.97,1
Gondia,2008,12.26,7.31,53.5,34.71,0
Gondia,2009,16.07,25.78,63.24,36.44,0
Gondia,2010,27.16,23.69,65.99,35.27,0
Gondia,2011,16.67,19.15,62.56,41.16,1
Gondia,2012,27.77,30.49,61.96,38.21,1
Gondia,2013,21.46,15.81,69.37,25.0,0
Gondia,2014,25.35,27.24,71.99,48.62,0
Gondia,2015,19.47,23.49,52.03,45.07,0
Gondia,2016,21.21,24.05,65.44,34.96,1
Gondia,2017,22.12,35.16,82.42,35.17,0
Gondia,2018,21.71,34.73,79.51,37.3,1
Gondia,2019,18.75,25.28,72.94,44.25,0
Gondia,2020,21.95,24.71,91.08,57.84,0
Gondia,2021,18.05,26.36,76.29,46.01,1
Gondia,2022,22.14,29.16,69.36,47.78,1
Gondia,2023,17.43,23.14,69.27,46.89,1
Gondia,2024,21.5,32.91,92.35,57.78,0
Gondia,2025,26.32,41.26,95.58,46.23,0
Hingoli,2000,14.42,11.99,47.89,38.5,0
Hingoli,2001,18.72,18.06,66.49,14.28,0
Hingoli,2002,18.31,16.25,65.45,25.43,0
Hingoli,2003,22.5,24.31,55.14,28.87,0
Hingoli,2004,21.75,24.18,62.28,25.43,0
Hingoli,2005,20.47,25.39,40.72,30.54,0
Hingoli,2006,16.19,19.81,49.51,26.45,0
Hingoli,2007,12.76,25.23,48.36,43.31,1
Hingoli,2008,18.96,29.85,49.57,30.82,1
Hingoli,2009,9.21,21.08,51.82,28.34,0
Hingoli,2010,17.07,16.02,67.33,25.34,0
Hingoli,2011,12.99,20.15,61.03,48.71,0
Hingoli,2012,15.45,32.04,59.52,21.95,0
Hingoli,2013,22.32,28.53,57.44,38.16,0
Hingoli,2014,19.65,27.44,72.78,49.9,0
Hingoli,2015,23.37,24.19,56.21,34.99,0
Hingoli,2016,20.81,26.75,65.01,50.23,0
Hingoli,2017,19.37,30.16,61.75,51.95,1
Hingoli,2018,23.05,26.38,55.96,49.95,0
Hingoli,2019,26.78,31.24,72.96,43.53,0
Hingoli,2020,21.57,33.73,73.21,43.41,0
Hingoli,2021,18.69,36.43,69.44,42.06,0
Hingoli,2022,21.72,28.26,69.09,39.86,1
Hingoli,2023,22.86,37.46,79.52,55.59,0
Hingoli,2024,19.77,34.3,95.17,49.62,1
Hingoli,2025,21.86,39.53,84.43,57.51,0
Jalgaon,2000,18.03,10.69,45.96,27.2,0
Jalgaon,2001,7.77,29.45,51.95,41.53,0
Jalgaon,2002,16.47,30.24,60.01,37.17,1
Jalgaon,2003,9.82,20.9,75.65,34.13,1
Jalgaon,2004,10.32,18.51,47.58,39.68,0
Jalgaon,2005,16.73,28.37,36.54,31.65,0
Jalgaon,2006,9.82,21.41,50.96,23.28,1
Jalgaon,2007,19.96,14.65,41.05,32.58,1
Jalgaon,2008,7.71,26.96,46.85,41.07,1
Jalgaon,2009,17.85,23.8,59.34,40.34,0
Jalgaon,2010,13.42,15.51,51.67,35.7,0
Jalgaon,2011,18.36,31.56,72.14,49.14,0
Jalgaon,2012,25.05,23.43,69.12,39.1,0
Jalgaon,2013,13.5,28.89,68.93,45.4,0
Jalgaon,2014,14.76,18.48,72.5,50.89,1
Jalgaon,2015,25.72,19.52,60.31,32.7,0
Jalgaon,2016,19.87,33.3,52.7,36.84,0
Jalgaon,2017,9.52,20.18,64.14,28.59,0
Jalgaon,2018,16.4,33.37,74.88,36.31,0
Jalgaon,2019,17.25,39.41,72.07,55.27,0
Jalgaon,2020,26.15,23.99,76.52,57.32,0
Jalgaon,2021,21.61,30.27,76.59,49.06,0
Jalgaon,2022,29.55,41.26,70.47,32.36,0
Jalgaon,2023,20.87,28.72,83.66,50.66,0
Jalgaon,2024,22.63,28.12,69.93,48.82,0
Jalgaon,2025,25.8,38.31,85.8,38.38,1
Jalna,2000,18.51,13.07,47.45,38.35,0
Jalna,2001,14.39,23.89,51.81,30.75,0
Jalna,2002,20.75,15.18,63.77,28.89,0
Jalna,2003,17.11,20.18,57.06,24.33,0
Jalna,2004,14.41,24.96,52.66,40.44,0
Jalna,2005,17.13,26.49,57.17,36.47,1
Jalna,2006,13.88,24.25,57.44,34.43,1
Jalna,2007,18.26,26.08,69.98,45.9,0
Jalna,2008,15.8,33.61,52.05,42.23,1
Jalna,2009,24.77,27.06,63.27,40.06,0
Jalna,2010,25.04,19.86,44.66,39.67,0
Jalna,2011,20.84,24.12,65.35,47.02,0
Jalna,2012,23.94,29.53,62.97,48.59,0
Jalna,2013,19.78,27.03,58.62,42.13,0
Jalna,2014,23.51,34.17,59.77,55.27,1
Jalna,2015,21.11,28.1,86.17,56.52,0
Jalna,2016,22.35,48.7,69.78,38.48,1
Jalna,2017,18.14,24.92,53.73,35.83,0
Jalna,2018,20.77,28.64,81.33,52.48,0
Jalna,2019,21.96,32.06,74.17,51.25,0
Jalna,2020,20.96,35.13,82.1,43.24,0
Jalna,2021,21.23,25.7,75.39,39.86,0
Jalna,2022,19.3,34.53,77.98,47.74,1
Jalna,2023,26.95,26.86,79.02,56.54,1
Jalna,2024,14.57,23.87,83.69,47.98,0
Jalna,2025,16.54,33.02,84.32,56.71,0
Kolhapur,2000,13.26,27.3,53.67,43.01,0
Kolhapur,2001,15.77,25.82,47.16,34.7,0
Kolhapur,2002,25.24,12.44,68.9,35.02,1
Kolhapur,2003,10.99,22.33,46.11,37.97,0
Kolhapur,2004,20.52,14.5,69.98,27.88,0
Kolhapur,2005,20.19,21.51,42.32,22.25,0
Kolhapur,2006,16.31,23.37,51.16,43.74,1
Kolhapur,2007,11.78,18.67,57.66,44.51,0
Kolhapur,2008,16.86,32.52,68.34,51.29,1
Kolhapur,2009,20.2,21.98,47.27,37.78,0
Kolhapur,2010,27.04,19.48,54.22,45.24,1
Kolhapur,2011,14.15,27.39,63.61,34.22,1
Kolhapur,2012,28.16,18.36,52.21,42.56,0
Kolhapur,2013,12.77,33.66,61.57,47.01,0
Kolhapur,2014,13.72,31.81,58.37,38.45,1
Kolhapur,2015,9.93,28.6,74.25,37.2,1
Kolhapur,2016,19.37,21.51,64.39,31.63,0
Kolhapur,2017,21.34,28.06,77.41,37.28,1
Kolhapur,2018,8.39,26.13,68.46,26.43,0
Kolhapur,2019,23.83,27.97,52.66,47.89,0
Kolhapur,2020,18.25,29.46,85.6,42.33,1
Kolhapur,2021,18.91,21.86,78.87,44.9,1
Kolhapur,2022,17.0,31.58,79.46,52.95,1
Kolhapur,2023,11.59,28.82,80.38,48.69,1
Kolhapur,2024,24.5,34.59,74.34,41.72,1
Kolhapur,2025,18.07,30.67,85.79,50.54,0
Latur,2000,15.24,24.21,57.86,27.56,0
Latur,2001,20.31,22.25,61.16,24.74,0
Latur,2002,10.66,18.11,43.49,23.68,0
Latur,2003,10.03,27.75,59.43,29.99,1
Latur,2004,19.35,20.3,46.04,35.81,0
Latur,2005,13.85,21.93,57.99,33.32,1
Latur,2006,14.45,16.28,74.23,36.82,1
Latur,2007,19.12,23.77,63.07,24.68,0
Latur,2008,17.37,35.06,74.93,33.88,1
Latur,2009,23.45,27.34,67.43,26.11,1
Latur,2010,18.01,22.67,68.16,41.19,0
Latur,2011,22.37,19.89,88.68,55.2,1
Latur,2012,13.38,24.65,73.57,27.56,1
Latur,2013,12.45,22.93,79.13,41.33,0
Latur,2014,15.91,16.24,75.71,29.81,0
Latur,2015,23.28,35.6,46.21,39.92,1
Latur,2016,19.16,30.92,72.6,38.71,1
Latur,2017,32.35,35.1,61.91,48.15,1
Latur,2018,20.93,18.39,69.21,33.23,0
Latur,2019,21.96,28.68,83.66,40.37,0
Latur,2020,22.29,31.15,60.15,40.47,1
Latur,2021,19.72,36.79,76.34,29.26,0
Latur,2022,28.59,33.11,67.17,54.81,0
Latur,2023,29.58,25.93,62.85,51.54,0
Latur,2024,31.73,44.15,81.35,64.54,1
Latur,2025,20.48,23.73,69.94,45.42,0
Mumbai,2000,23.33,21.16,25.86,46.21,0
Mumbai,2001,8.68,22.48,59.69,23.48,1
Mumbai,2002,11.76,19.04,64.88,34.23,1
Mumbai,2003,10.44,22.67,53.53,35.9,0
Mumbai,2004,10.5,23.59,38.11,41.23,0
Mumbai,2005,7.57,17.44,43.84,22.36,1
Mumbai,2006,21.92,14.95,58.92,31.97,0
Mumbai,2007,22.33,14.84,58.12,35.01,0
Mumbai,2008,20.24,22.7,63.28,40.49,1
Mumbai,2009,8.59,18.39,86.0,30.11,1
Mumbai,2010,29.25,25.8,48.88,36.18,1
Mumbai,2011,18.07,26.92,55.87,35.72,0
Mumbai,2012,19.76,26.11,53.38,61.46,0
Mumbai,2013,21.82,19.42,72.17,25.08,0
Mumbai,2014,20.25,25.09,59.55,46.67,0
Mumbai,2015,20.19,34.23,48.14,50.2,1
Mumbai,2016,16.54,22.05,65.34,46.27,0
Mumbai,2017,32.66,29.9,59.11,58.84,0
Mumbai,2018,19.16,33.47,73.52,35.37,1
Mumbai,2019,18.8,30.59,60.4,46.17,0
Mumbai,2020,13.78,20.8,83.95,47.15,0
Mumbai,2021,24.79,33.41,57.53,40.81,0
Mumbai,2022,19.04,28.19,74.0,46.21,0
Mumbai,2023,21.4,27.12,85.5,46.36,0
Mumbai,2024,24.45,39.97,85.31,42.25,0
Mumbai,2025,21.14,29.16,75.88,63.87,0
Nagpur,2000,21.08,20.36,39.04,23.59,0
Nagpur,2001,12.86,28.65,44.12,31.72,0
Nagpur,2002,8.15,14.65,58.96,21.72,0
Nagpur,2003,13.92,19.94,32.84,29.27,0
Nagpur,2004,14.83,29.03,41.0,45.34,0
Nagpur,2005,16.5,24.44,67.01,33.4,1
Nagpur,2006,16.35,24.37,54.77,39.29,0
Nagpur,2007,20.9,15.15,50.25,25.13,1
Nagpur,2008,14.21,28.81,52.6,43.3,0
Nagpur,2009,18.65,16.4,71.55,29.8,0
Nagpur,2010,11.85,21.62,69.55,39.08,1
Nagpur,2011,26.16,20.5,64.85,21.2,0
Nagpur,2012,17.88,23.17,60.4,38.39,1
Nagpur,2013,23.66,36.52,62.45,60.93,1
Nagpur,2014,19.82,14.51,83.12,35.19,1
Nagpur,2015,16.84,25.32,69.6,48.66,0
Nagpur,2016,25.32,19.88,90.52,42.0,0
Nagpur,2017,14.5,31.03,63.9,38.23,1
Nagpur,2018,22.13,28.2,86.18,50.7,1
Nagpur,2019,26.35,31.43,82.84,45.78,1
Nagpur,2020,19.18,33.07,74.93,43.5,0
Nagpur,2021,13.39,33.39,79.15,46.39,0
Nagpur,2022,19.46,17.42,75.72,53.87,1
Nagpur,2023,13.23,28.54,57.95,53.0,1
Nagpur,2024,21.69,32.02,69.84,46.13,1
Nagpur,2025,26.87,31.13,71.06,55.06,1
Nanded,2000,9.92,16.75,44.59,31.29,0
Nanded,2001,18.44,30.16,24.99,23.03,1
Nanded,2002,14.37,18.95,68.24,30.42,0
Nanded,2003,19.33,18.95,42.59,29.43,1
Nanded,2004,13.38,25.53,62.09,42.52,1
Nanded,2005,18.45,21.28,53.95,37.07,0
Nanded,2006,17.4,26.94,63.82,48.09,0
Nanded,2007,12.88,17.96,68.42,36.49,0
Nanded,2008,21.4,27.38,48.33,38.15,0
Nanded,2009,14.92,20.38,44.42,33.89,0
Nanded,2010,17.14,27.71,61.92,42.97,1
Nanded,2011,14.95,26.35,58.6,30.33,0
Nanded,2012,16.43,20.03,72.37,46.22,0
Nanded,2013,20.92,33.99,67.2,40.6,0
Nanded,2014,15.46,25.33,63.44,26.46,0
Nanded,2015,20.51,25.38,86.8,44.3,0
Nanded,2016,29.47,24.93,73.78,49.06,0
Nanded,2017,26.27,29.53,74.2,50.08,1
Nanded,2018,19.05,42.19,81.72,38.62,1
Nanded,2019,19.29,39.61,72.43,43.07,1
Nanded,2020,15.08,42.43,82.55,41.32,0
Nanded,2021,15.47,26.4,73.93,41.77,1
Nanded,2022,24.25,22.24,80.23,59.08,1
Nanded,2023,21.36,22.69,85.71,43.98,0
Nanded,2024,19.85,23.03,82.38,52.03,0
Nanded,2025,29.49,36.78,70.9,50.68,0
Nandurbar,2000,12.34,24.01,60.68,23.94,1
Nandurbar,2001,19.63,14.57,42.29,44.85,0
Nandurbar,2002,10.63,25.09,47.49,28.55,0
Nandurbar,2003,17.16,22.77,52.1,34.26,1
Nandurbar,2004,11.51,30.57,65.81,34.15,0
Nandurbar,2005,11.96,22.34,56.61,35.43,1
Nandurbar,2006,19.33,17.2,72.53,29.98,0
Nandurbar,2007,18.48,24.05,58.66,29.85,1
Nandurbar,2008,13.88,29.93,70.05,31.91,0
Nandurbar,2009,8.01,30.92,75.62,46.9,0
Nandurbar,2010,15.56,33.06,54.11,44.45,1
Nandurbar,2011,15.19,21.77,56.17,35.58,1
Nandurbar,2012,10.59,25.7,63.98,47.54,0
Nandurbar,2013,26.42,23.27,88.72,27.27,0
Nandurbar,2014,17.01,23.12,85.07,46.36,0
Nandurbar,2015,20.56,18.75,62.98,49.56,1
Nandurbar,2016,18.98,29.31,76.94,40.23,1
Nandurbar,2017,19.91,30.95,65.91,52.08,0
Nandurbar,2018,15.09,29.73,55.83,51.62,1
Nandurbar,2019,29.34,32.08,87.88,65.44,0
Nandurbar,2020,20.66,31.68,73.58,49.18,0
Nandurbar,2021,26.91,31.09,82.48,48.35,1
Nandurbar,2022,17.11,24.27,53.83,56.57,0
Nandurbar,2023,22.92,33.31,88.81,42.58,1
Nandurbar,2024,20.27,36.59,71.64,62.79,1
Nandurbar,2025,20.67,42.34,74.91,45.33,0
Nashik,2000,21.41,7.91,48.56,35.47,0
Nashik,2001,20.39,24.76,55.66,30.8,1
Nashik,2002,19.24,19.86,42.27,31.47,0
Nashik,2003,17.98,31.77,51.56,27.24,0
Nashik,2004,9.93,27.73,60.7,39.26,0
Nashik,2005,8.77,17.37,21.96,39.23,0
Nashik,2006,21.67,17.72,70.47,25.33,1
Nashik,2007,24.23,24.3,44.05,37.46,0
Nashik,2008,10.35,23.38,43.68,41.16,1
Nashik,2009,19.82,38.79,55.88,40.85,1
Nashik,2010,18.0,23.88,72.26,42.11,0
Nashik,2011,19.84,21.66,64.74,30.89,1
Nashik,2012,12.73,28.07,69.18,41.71,0
Nashik,2013,17.36,34.79,63.25,58.46,0
Nashik,2014,27.03,31.15,70.05,51.35,0
Nashik,2015,20.67,21.46,75.32,31.72,0
Nashik,2016,18.93,31.95,70.72,48.75,0
Nashik,2017,18.25,29.25,77.49,30.13,0
Nashik,2018,24.97,24.85,36.8,40.9,0
Nashik,2019,21.49,31.37,83.54,44.3,0
Nashik,2020,13.89,31.32,76.12,36.25,0
Nashik,2021,23.01,36.1,69.65,38.22,0
Nashik,2022,15.93,28.67,81.9,47.68,1
Nashik,2023,26.5,30.94,95.07,47.58,1
Nashik,2024,30.22,28.99,75.4,53.79,1
Nashik,2025,26.76,22.21,81.17,70.13,0
Osmanabad,2000,24.97,21.62,51.44,18.51,0
Osmanabad,2001,13.88,24.12,55.38,33.78,0
Osmanabad,2002,12.27,14.58,62.92,17.39,0
Osmanabad,2003,11.92,20.65,50.08,29.06,1
Osmanabad,2004,8.2,19.97,60.07,35.84,1
Osmanabad,2005,21.25,18.03,45.2,26.43,1
Osmanabad,2006,17.41,24.88,66.93,35.7,0
Osmanabad,2007,19.5,24.22,64.84,26.6,0
Osmanabad,2008,18.98,28.4,43.24,41.62,0
Osmanabad,2009,17.07,26.96,76.9,32.87,1
Osmanabad,2010,10.0,29.54,51.16,40.16,0
Osmanabad,2011,21.72,31.76,49.58,50.89,0
Osmanabad,2012,17.24,25.83,73.63,41.74,1
Osmanabad,2013,11.82,19.71,67.76,44.57,1
Osmanabad,2014,22.75,37.94,68.42,44.08,0
Osmanabad,2015,13.51,30.28,76.86,39.57,0
Osmanabad,2016,24.5,30.12,76.08,51.58,1
Osmanabad,2017,22.82,18.98,57.96,27.85,0
Osmanabad,2018,16.14,23.35,69.93,40.42,0
Osmanabad,2019,21.71,27.46,49.48,49.63,0
Osmanabad,2020,14.55,32.18,77.95,52.05,0
Osmanabad,2021,27.93,29.94,68.18,49.78,1
Osmanabad,2022,22.26,24.95,82.47,56.08,1
Osmanabad,2023,27.17,38.44,60.71,43.45,1
Osmanabad,2024,25.03,29.87,84.94,66.19,1
Osmanabad,2025,28.21,24.34,84.74,39.34,0
Palghar,2000,16.29,23.24,39.46,43.16,0
Palghar,2001,16.02,16.67,49.24,19.77,0
Palghar,2002,10.45,17.38,46.52,33.96,0
Palghar,2003,16.04,24.34,44.66,40.05,0
Palghar,2004,12.17,21.82,46.99,31.6,0
Palghar,2005,22.03,19.86,49.43,26.92,0
Palghar,2006,17.98,35.06,45.71,27.64,1
Palghar,2007,10.9,19.01,61.14,25.42,1
Palghar,2008,7.39,28.55,47.97,30.19,0
Palghar,2009,18.1,21.63,36.54,35.24,0
Palghar,2010,19.37,21.78,41.99,49.29,1
Palghar,2011,11.6,24.03,69.83,37.58,0
Palghar,2012,20.36,22.8,78.0,45.33,0
Palghar,2013,14.67,26.66,47.05,43.28,0
Palghar,2014,19.4,24.19,60.23,38.61,1
Palghar,2015,18.92,19.24,75.68,42.98,1
Palghar,2016,26.42,34.58,60.95,41.61,0
Palghar,2017,26.48,32.06,78.55,60.03,0
Palghar,2018,19.73,22.35,74.05,47.77,0
Palghar,2019,22.08,31.11,78.16,44.38,0
Palghar,2020,21.25,33.58,69.0,51.42,1
Palghar,2021,18.51,25.13,68.9,50.75,0
Palghar,2022,20.68,37.98,88.41,44.18,1
Palghar,2023,25.61,37.06,61.73,53.34,1
Palghar,2024,23.06,41.16,75.2,38.91,1
Palghar,2025,22.77,24.5,72.19,55.87,0
Parbhani,2000,14.64,6.05,60.97,39.72,0
Parbhani,2001,14.34,19.25,38.89,36.32,1
Parbhani,2002,6.87,31.47,75.23,29.12,0
Parbhani,2003,24.62,22.99,68.24,43.21,0
Parbhani,2004,10.74,19.84,58.06,33.36,1
Parbhani,2005,17.58,15.73,60.54,39.16,0
Parbhani,2006,19.95,20.35,60.37,29.55,0
Parbhani,2007,14.45,25.6,64.78,49.1,1
Parbhani,2008,17.68,23.26,54.98,36.72,0
Parbhani,2009,14.96,34.84,66.53,52.37,1
Parbhani,2010,11.16,24.71,60.31,45.99,0
Parbhani,2011,11.42,19.0,69.01,46.03,0
Parbhani,2012,24.72,27.19,51.76,53.51,0
Parbhani,2013,22.54,23.34,63.11,30.42,1
Parbhani,2014,14.49,13.69,82.87,40.11,1
Parbhani,2015,21.44,37.14,78.98,46.2,0
Parbhani,2016,15.91,26.31,64.4,45.97,1
Parbhani,2017,21.59,33.83,71.94,55.17,1
Parbhani,2018,22.05,19.94,88.67,40.6,0
Parbhani,2019,20.74,26.81,68.35,42.89,0
Parbhani,2020,21.4,29.73,65.75,55.65,0
Parbhani,2021,21.72,37.64,84.56,37.87,0
Parbhani,2022,22.53,31.64,65.81,46.2,1
Parbhani,2023,23.59,25.94,78.53,49.23,0
Parbhani,2024,21.61,36.14,84.42,40.99,1
Parbhani,2025,26.3,39.08,94.55,54.4,0
Pune,2000,15.89,28.99,50.17,27.56,0
Pune,2001,6.13,23.27,50.0,27.97,0
Pune,2002,18.24,32.44,48.74,51.02,0
Pune,2003,11.55,17.68,49.51,34.78,1
Pune,2004,21.5,19.67,54.34,24.51,0
Pune,2005,10.15,29.79,57.43,46.68,1
Pune,2006,10.16,22.35,55.67,31.47,1
Pune,2007,9.06,26.68,57.7,44.01,0
Pune,2008,23.16,21.83,65.52,42.24,0
Pune,2009,14.28,23.87,69.26,48.5,0
Pune,2010,19.13,18.65,71.67,48.82,0
Pune,2011,24.44,18.27,52.51,34.8,1
Pune,2012,17.42,15.56,63.4,26.51,0
Pune,2013,26.86,42.01,60.2,44.09,1
Pune,2014,11.62,21.77,58.67,39.22,1
Pune,2015,22.37,21.97,56.67,43.17,0
Pune,2016,22.65,21.43,58.62,34.99,0
Pune,2017,26.38,21.46,79.29,41.64,1
Pune,2018,22.1,29.03,69.1,45.36,1
Pune,2019,22.43,28.64,79.83,50.99,1
Pune,2020,25.19,37.16,77.95,43.46,0
Pune,2021,29.05,36.91,61.6,53.79,1
Pune,2022,28.78,37.23,85.95,42.94,1
Pune,2023,28.76,31.6,73.17,52.95,1
Pune,2024,24.68,32.81,79.33,58.43,0
Pune,2025,26.95,33.41,76.95,51.76,0
Raigad,2000,14.77,24.39,42.78,17.2,0
Raigad,2001,9.99,20.18,42.16,29.5,0
Raigad,2002,16.76,23.75,41.69,29.54,0
Raigad,2003,6.62,14.97,46.57,23.34,0
Raigad,2004,20.7,22.53,55.56,31.2,0
Raigad,2005,20.74,25.29,45.29,40.07,0
Raigad,2006,17.95,26.67,61.56,37.78,0
Raigad,2007,21.33,10.54,55.4,32.91,0
Raigad,2008,15.43,30.32,80.38,45.07,0
Raigad,2009,13.8,37.89,53.12,38.45,0
Raigad,2010,10.14,17.48,59.52,34.31,0
Raigad,2011,15.72,24.13,48.73,41.36,0
Raigad,2012,24.83,30.02,59.71,43.36,0
Raigad,2013,17.55,33.73,79.7,44.15,1
Raigad,2014,17.8,30.66,77.14,33.34,0
Raigad,2015,19.4,27.75,63.11,30.68,1
Raigad,2016,5.66,26.29,76.39,42.13,1
Raigad,2017,21.69,22.33,74.43,54.71,1
Raigad,2018,22.03,35.88,77.06,34.61,0
Raigad,2019,21.13,37.53,71.34,39.36,0
Raigad,2020,14.53,20.74,87.35,36.43,0
Raigad,2021,20.82,26.61,79.88,35.62,0
Raigad,2022,25.54,34.03,76.73,49.72,0
Raigad,2023,17.39,34.29,80.36,40.66,1
Raigad,2024,26.97,24.38,95.61,40.03,1
Raigad,2025,25.71,39.18,70.59,49.66,1
Ratnagiri,2000,17.48,27.48,28.95,29.72,0
Ratnagiri,2001,9.61,15.25,37.66,46.28,1
Ratnagiri,2002,13.75,15.17,73.75,23.04,0
Ratnagiri,2003,8.05,16.09,48.05,31.52,0
Ratnagiri,2004,14.18,17.14,41.46,41.13,0
Ratnagiri,2005,18.85,40.74,43.7,34.34,0
Ratnagiri,2006,10.08,26.72,43.13,23.26,0
Ratnagiri,2007,10.97,26.76,50.1,51.61,1
Ratnagiri,2008,19.49,13.18,62.05,43.38,1
Ratnagiri,2009,21.37,33.43,63.27,36.23,0
Ratnagiri,2010,28.14,31.68,64.6,24.59,0
Ratnagiri,2011,19.93,29.5,70.47,39.11,1
Ratnagiri,2012,17.2,27.37,71.45,27.95,0
Ratnagiri,2013,23.68,30.92,53.73,38.12,0
Ratnagiri,2014,14.86,26.92,56.32,52.73,0
Ratnagiri,2015,17.66,35.25,70.88,27.3,0
Ratnagiri,2016,10.73,24.3,44.86,39.29,1
Ratnagiri,2017,16.13,27.99,46.26,40.19,0
Ratnagiri,2018,35.04,30.48,62.35,48.52,1
Ratnagiri,2019,19.31,29.64,54.05,55.0,0
Ratnagiri,2020,17.39,33.48,71.89,38.13,0
Ratnagiri,2021,24.54,40.67,68.11,46.91,1
Ratnagiri,2022,20.18,20.11,76.21,57.11,0
Ratnagiri,2023,22.91,35.55,73.73,41.76,0
Ratnagiri,2024,19.88,32.76,64.25,49.48,1
Ratnagiri,2025,17.49,22.77,79.96,51.66,0
Sangli,2000,14.93,15.43,56.99,29.37,0
Sangli,2001,12.85,15.38,33.23,20.16,0
Sangli,2002,14.75,27.14,33.47,41.85,0
Sangli,2003,14.04,32.44,62.83,27.11,0
Sangli,2004,14.84,29.36,67.85,45.38,0
Sangli,2005,23.68,18.73,59.1,21.11,0
Sangli,2006,19.57,22.08,54.83,23.03,1
Sangli,2007,7.79,20.95,82.31,38.08,0
Sangli,2008,10.43,16.19,79.5,29.83,0
Sangli,2009,12.69,20.42,77.3,37.95,0
Sangli,2010,19.5,27.54,59.74,31.33,1
Sangli,2011,22.05,15.8,52.05,28.63,1
Sangli,2012,19.12,22.65,65.96,52.18,1
Sangli,2013,11.24,33.92,70.15,47.16,1
Sangli,2014,14.23,27.53,56.75,47.85,0
Sangli,2015,21.41,33.56,85.37,36.07,0
Sangli,2016,11.75,29.59,83.3,43.52,1
Sangli,2017,6.35,34.62,61.36,44.31,0
Sangli,2018,21.36,36.0,72.34,51.96,1
Sangli,2019,19.22,22.83,73.47,43.87,0
Sangli,2020,24.3,27.02,87.59,39.97,1
Sangli,2021,29.58,29.58,75.52,53.23,0
Sangli,2022,22.79,31.09,50.47,53.35,0
Sangli,2023,16.1,38.33,75.68,42.63,0
Sangli,2024,17.17,31.28,76.11,54.66,0
Sangli,2025,21.65,39.31,89.05,52.34,1
Satara,2000,16.13,24.02,40.36,24.05,0
Satara,2001,11.59,26.49,65.66,32.61,0
Satara,2002,12.44,30.91,52.39,18.98,1
Satara,2003,11.87,35.26,71.15,31.07,1
Satara,2004,14.63,19.9,51.48,24.91,0
Satara,2005,16.35,24.82,31.04,24.33,0
Satara,2006,19.56,26.67,54.89,28.0,0
Satara,2007,15.16,19.54,56.19,40.34,0
Satara,2008,15.7,29.52,44.11,27.1,0
Satara,2009,12.37,19.22,48.78,35.2,0
Satara,2010,20.75,26.89,43.71,35.14,0
Satara,2011,18.96,18.94,70.35,50.05,0
Satara,2012,10.04,28.05,61.57,31.41,0
Satara,2013,16.25,23.98,75.8,27.28,0
Satara,2014,26.07,27.02,64.62,56.99,0
Satara,2015,21.01,33.91,54.34,33.03,0
Satara,2016,19.56,22.9,52.12,57.21,0
Satara,2017,22.71,34.09,68.16,42.01,1
Satara,2018,20.42,26.63,73.63,51.1,0
Satara,2019,23.54,39.03,58.45,45.18,1
Satara,2020,32.49,29.35,66.18,49.53,0
Satara,2021,14.5,31.21,91.37,47.43,1
Satara,2022,20.55,23.25,66.25,54.3,1
Satara,2023,26.11,35.45,72.95,45.38,0
Satara,2024,24.25,29.89,97.42,54.01,0
Satara,2025,24.74,34.64,73.37,34.69,1
Sindhudurg,2000,19.1,14.46,56.06,28.85,0
Sindhudurg,2001,14.11,17.11,50.62,24.71,0
Sindhudurg,2002,15.82,26.69,69.51,31.89,1
Sindhudurg,2003,17.89,21.82,43.13,31.47,0
Sindhudurg,2004,14.7,20.25,63.56,51.47,0
Sindhudurg,2005,2.18,31.99,60.59,34.95,0
Sindhudurg,2006,21.51,27.54,63.8,31.67,0
Sindhudurg,2007,12.73,20.8,58.7,44.05,0
Sindhudurg,2008,6.83,23.49,76.53,42.26,0
Sindhudurg,2009,14.2,28.28,68.48,40.27,1
Sindhudurg,2010,22.57,25.39,57.13,36.04,1
Sindhudurg,2011,29.55,22.69,57.08,37.75,0
Sindhudurg,2012,21.81,24.45,61.74,44.57,0
Sindhudurg,2013,18.19,17.93,61.41,36.75,1
Sindhudurg,2014,18.6,28.76,60.13,31.84,1
Sindhudurg,2015,19.45,24.36,86.69,30.54,0
Sindhudurg,2016,14.36,32.39,79.82,41.9,1
Sindhudurg,2017,24.05,29.12,79.18,57.71,0
Sindhudurg,2018,13.68,29.51,77.0,39.45,1
Sindhudurg,2019,21.04,29.39,78.37,46.01,0
Sindhudurg,2020,28.12,36.41,66.38,39.01,0
Sindhudurg,2021,17.13,35.33,74.61,31.23,1
Sindhudurg,2022,34.65,24.93,90.82,47.33,0
Sindhudurg,2023,14.87,36.48,78.38,64.01,1
Sindhudurg,2024,25.64,33.44,80.72,42.15,1
Sindhudurg,2025,13.05,24.55,83.64,52.24,0
Solapur,2000,18.36,29.83,45.55,32.19,1
Solapur,2001,10.32,21.81,58.86,37.91,0
Solapur,2002,11.92,24.02,59.39,38.7,0
Solapur,2003,24.66,17.88,70.28,32.88,1
Solapur,2004,6.94,28.3,48.31,23.76,0
Solapur,2005,22.6,22.81,35.17,56.1,1
Solapur,2006,16.41,32.82,52.14,42.0,0
Solapur,2007,13.1,27.37,65.08,36.0,0
Solapur,2008,16.4,28.28,53.72,33.56,0
Solapur,2009,21.55,16.53,60.06,38.84,0
Solapur,2010,13.56,24.35,66.17,43.7,0
Solapur,2011,26.98,30.11,68.92,45.51,0
Solapur,2012,15.6,28.24,76.95,43.2,1
Solapur,2013,16.71,20.95,79.49,48.54,0
Solapur,2014,19.34,27.87,59.74,53.31,0
Solapur,2015,20.03,26.83,66.99,42.86,0
Solapur,2016,15.11,24.74,62.52,46.12,0
Solapur,2017,24.11,26.77,68.23,51.54,0
Solapur,2018,23.63,24.16,57.51,49.66,1
Solapur,2019,14.72,27.21,82.0,48.92,1
Solapur,2020,11.82,31.52,89.5,40.58,0
Solapur,2021,16.93,22.16,92.07,44.4,1
Solapur,2022,10.42,32.78,81.89,43.51,0
Solapur,2023,17.9,39.11,93.81,55.84,1
Solapur,2024,15.16,25.62,90.61,48.01,1
Solapur,2025,21.17,39.55,57.9,64.22,0
Thane,2000,6.99,23.49,52.04,33.15,0
Thane,2001,13.0,25.77,45.92,28.17,0
Thane,2002,10.57,20.13,62.45,16.71,0
Thane,2003,9.28,15.46,57.86,36.49,0
Thane,2004,22.33,19.75,45.36,19.03,1
Thane,2005,19.55,29.46,27.48,29.31,1
Thane,2006,17.49,23.2,48.33,22.96,0
Thane,2007,8.74,21.8,80.53,32.57,0
Thane,2008,14.75,21.81,71.55,37.31,0
Thane,2009,9.78,25.59,62.62,26.74,0
Thane,2010,26.28,12.25,58.75,59.96,0
Thane,2011,17.77,12.57,67.18,27.34,0
Thane,2012,20.54,23.62,84.04,40.19,1
Thane,2013,13.36,26.12,83.46,43.7,0
Thane,2014,29.78,30.64,64.7,30.85,1
Thane,2015,18.31,31.69,84.18,48.64,1
Thane,2016,12.93,27.21,60.3,49.63,0
Thane,2017,24.86,25.61,58.08,48.85,0
Thane,2018,14.56,34.11,86.58,23.51,0
Thane,2019,18.7,31.73,80.35,42.93,1
Thane,2020,18.94,21.41,75.93,45.15,0
Thane,2021,17.73,26.21,75.56,44.94,0
Thane,2022,25.32,26.7,77.47,47.89,1
Thane,2023,23.16,37.87,86.17,63.8,0
Thane,2024,10.27,21.24,71.91,36.23,0
Thane,2025,17.64,44.82,71.8,45.03,0
Wardha,2000,15.65,18.54,47.57,24.18,0
Wardha,2001,23.1,13.72,66.1,15.31,1
Wardha,2002,13.33,14.1,47.85,39.62,0
Wardha,2003,16.09,28.04,56.0,35.54,0
Wardha,2004,14.6,22.88,46.9,37.81,0
Wardha,2005,15.75,19.83,41.33,34.69,0
Wardha,2006,25.56,27.11,54.14,43.19,0
Wardha,2007,16.66,25.62,67.8,37.39,0
Wardha,2008,12.54,29.73,43.37,43.5,0
Wardha,2009,12.46,20.43,70.38,33.44,1
Wardha,2010,12.19,34.71,52.99,46.05,0
Wardha,2011,5.65,32.68,42.67,39.11,0
Wardha,2012,11.63,31.47,63.65,54.68,1
Wardha,2013,18.79,34.39,60.08,40.86,1
Wardha,2014,11.17,30.23,76.86,59.38,1
Wardha,2015,13.68,32.36,62.12,42.95,0
Wardha,2016,14.61,23.86,62.7,35.53,1
Wardha,2017,19.79,12.55,69.42,45.76,0
Wardha,2018,17.91,32.04,65.52,28.62,1
Wardha,2019,24.97,24.16,70.62,40.13,0
Wardha,2020,26.31,28.59,63.91,39.5,0
Wardha,2021,25.12,24.2,79.07,49.19,0
Wardha,2022,16.5,27.26,71.52,54.89,0
Wardha,2023,11.16,24.11,56.13,68.8,1
Wardha,2024,17.37,29.57,66.75,36.08,0
Wardha,2025,24.07,29.13,91.86,57.67,0
Washim,2000,10.51,25.28,56.81,32.38,1
Washim,2001,14.95,23.32,55.66,35.52,0
Washim,2002,16.52,13.4,48.02,36.77,1
Washim,2003,10.19,12.86,42.94,33.54,0
Washim,2004,20.31,19.11,65.99,32.38,1
Washim,2005,17.94,23.16,65.48,34.61,0
Washim,2006,28.96,8.4,63.59,28.41,1
Washim,2007,7.33,32.12,71.44,35.77,0
Washim,2008,24.36,21.0,44.11,25.1,1
Washim,2009,25.24,21.03,68.89,40.27,0
Washim,2010,15.3,22.94,65.98,51.0,0
Washim,2011,14.73,27.78,70.04,37.37,0
Washim,2012,20.43,20.6,64.27,45.25,0
Washim,2013,22.28,21.94,72.49,38.1,0
Washim,2014,31.72,37.97,71.68,49.7,1
Washim,2015,23.14,27.24,71.87,42.47,0
Washim,2016,22.17,20.43,60.52,47.12,0
Washim,2017,20.91,23.3,66.39,48.66,1
Washim,2018,21.99,33.06,63.79,25.24,0
Washim,2019,19.33,25.3,64.18,52.14,1
Washim,2020,26.75,30.48,96.56,44.54,0
Washim,2021,15.41,20.95,85.98,48.61,0
Washim,2022,26.4,34.39,73.98,58.57,1
Washim,2023,22.23,41.57,81.82,65.42,1
Washim,2024,18.38,33.8,77.63,48.75,0
Washim,2025,12.45,31.94,87.3,38.28,0
Yavatmal,2000,13.83,10.57,51.5,30.63,0
Yavatmal,2001,20.11,17.9,58.55,24.47,1
Yavatmal,2002,19.51,10.27,40.33,20.53,1
Yavatmal,2003,12.16,19.32,74.82,26.26,0
Yavatmal,2004,19.02,22.16,59.74,28.97,0
Yavatmal,2005,15.87,27.2,49.31,49.78,1
Yavatmal,2006,18.86,28.24,57.69,28.56,0
Yavatmal,2007,22.37,27.34,59.59,31.74,1
Yavatmal,2008,19.05,23.32,66.55,40.98,0
Yavatmal,2009,13.92,21.6,57.72,30.62,0
Yavatmal,2010,24.86,24.23,68.22,35.21,0
Yavatmal,2011,22.93,21.45,50.54,37.54,0
Yavatmal,2012,22.51,27.85,82.13,36.68,0
Yavatmal,2013,22.72,22.42,55.45,56.88,0
Yavatmal,2014,20.69,18.57,63.01,42.53,0
Yavatmal,2015,12.83,25.64,72.91,36.84,1
Yavatmal,2016,27.56,20.68,93.54,41.98,1
Yavatmal,2017,12.45,19.61,65.74,47.61,0
Yavatmal,2018,20.33,28.16,84.3,31.32,0
Yavatmal,2019,27.05,34.35,88.67,36.02,0
Yavatmal,2020,9.66,25.98,57.6,52.97,0
Yavatmal,2021,21.42,31.73,60.33,57.17,0
Yavatmal,2022,25.73,32.4,86.63,31.48,1
Yavatmal,2023,15.04,27.42,77.74,61.14,1
Yavatmal,2024,20.93,33.89,86.32,56.0,0
Yavatmal,2025,20.55,32.25,77.69,40.67,0
