PM2.5,PM10,NO2,SO2,CO,O3,Diphtheria_Cases
59.30831723286756,142.6507256637516,22.587628239668867,42.48837924062501,2.6908862689854693,150.67821675807153,15.619342342141337
142.85357442943786,111.85830960538287,56.48059000094403,39.37618645511902,2.5450901108127986,139.969725091302,16.50486175625402
111.13912156265374,68.81024709440227,87.92985440825879,4.000081132901983,9.071920347158263,107.49992174744746,18.715594917184955
91.8054802085703,164.62105374432025,74.56136420890832,28.617330554840194,2.5705073785101105,172.52801441402863,7.737445448813744
27.622702864153297,140.09892278523705,81.62330904683772,31.65525826529685,2.792302288673447,44.08066763982848,16.237653178244315
27.619205448749383,40.89721847552934,67.58441983751814,33.10817690995824,7.61804279793784,28.57491575263564,11.227399453138753
13.422123764388921,183.07616505383007,70.76627362919598,47.253444799731916,4.552424440260346,155.17353438242176,11.931686593195368
130.59554113736561,166.2820761554021,85.67358689870534,43.62099864469652,7.7894345138562935,84.65546882773721,18.613510638811864
92.16167670276528,190.46198352546557,28.718460841622665,49.41659723788868,0.7471249598874139,153.98470521520028,4.161862518524824
107.67052378042659,147.8867065937884,51.49537154609835,61.660894400286004,4.9269548173665045,161.82533488322053,18.15061002152919
7.984751672891354,126.54888722780008,26.01489697286221,65.4128876198553,0.4327746418144981,20.617790915242146,1.6600620899722944
145.63692856348916,89.46617689521759,98.82846075968146,58.01359994566656,0.7202667142080098,160.1890097076303,9.374535045124333
125.70418291606116,187.21841183726252,94.68563727022826,76.5308482844849,9.073730788109668,86.21423941280177,12.768626947788674
35.78917104835004,174.55213900507758,8.74554708000806,3.422141448756207,1.4785291740641922,96.77352313071948,15.406153263877705
31.364620245029588,18.591547320175987,72.0296413889904,17.270682883316596,5.370964754524649,116.52072688584575,8.622969644721987
31.593653928747905,15.00972515447788,92.89859015448825,2.5899042482950856,4.1698464657469945,167.48504314411474,20.646642366114634
49.11512522913297,81.52803970682942,22.154657787096685,52.503027704059036,3.5386989299625426,13.249736053059884,6.590149585657071
81.08968258667448,164.00513284854824,58.9547969024998,72.04638281809898,9.008350122303998,91.0633896140289,9.464926233126116
67.63202770310679,197.58246456983946,91.97138827086397,20.991619132951342,0.3160516280773461,126.91274721319532,10.032252649776243
47.22822532871608,38.579209309670354,8.22486796565089,74.30869449411192,6.671517893138332,132.86018280869882,18.645229929323527
93.71866973474502,122.88483591690567,71.25492538844979,6.700856442585747,9.63760489871415,127.73051336130835,18.155613213185347
25.226609794546064,82.36926275989408,33.248155700392324,74.88601009083011,5.645665016272235,32.85397199938072,8.758206565392701
47.36097403760663,194.2837355847746,92.81763856077039,29.426569604691483,9.374542374127609,60.89725002318581,19.716027916999614
58.122467277585294,170.00259539578465,97.25053329070994,9.910824619038888,0.6173530049316353,70.98163932089228,17.226712536219498
71.13014771147022,169.2824538951162,94.70531646577622,39.8979972165334,4.246053858834197,146.75432530551586,24.366733547142264
118.85051440198697,99.05170036104435,50.05035058245906,22.02857228219962,2.6755621305243067,57.389178310474016,21.668845992460287
33.952698412962164,88.81570544415638,86.89405184398477,24.22008635302998,7.335127553309225,45.81984385742454,13.625731348923669
79.56399356997369,61.947343666834186,85.23219286083169,25.96861726425035,9.814841195922742,172.76616323647636,13.509639417196478
90.90011248499616,20.71134436367615,35.31454495810928,64.63602003094775,2.6396476181980533,11.506758469289712,9.318308142354205
11.73530984439967,174.29725148846012,83.74697004431435,44.05457958066985,6.576328554593337,179.6295454659363,20.597925043368175
93.09400352570856,164.45119173471474,8.515725297971798,26.282000534168283,2.0611665643214274,125.05962080575725,10.336029526548682
29.725997934657272,199.9463579243648,61.64563845579504,49.60603509825163,5.696769520258938,150.83978090634992,14.01872822804363
14.43248098286553,199.36099904404202,26.85083954233179,57.8597525894091,4.692931618214528,60.085297378852836,16.57409275604342
142.58840290173333,115.53202406449921,16.453854148841486,23.264672057215634,9.722852763352217,12.433597203400197,17.725981738142654
145.01664479581112,156.107608884297,12.31055415477487,34.25682991897742,6.124419999695019,135.4378181554601,19.76694645863188
122.21761547688686,189.50548867766133,71.14743370842328,11.507115280281909,3.5601130836595063,151.80458149011488,17.108295800042463
49.16899653013875,171.43300422870817,37.288121557966285,16.129649263705065,1.2295482703905405,135.88094243209827,14.544943482780434
19.16245653092566,56.99613933120755,73.85284329523233,55.12719260926866,1.5973436044758522,34.284548841142566,8.03064606778079
104.21378884426275,95.60338570891777,11.208852375899525,16.1521911202589,2.3306376065172274,138.08274678368474,20.111091881452314
68.82211159224218,34.54028887878405,34.95258209390798,42.96274392603069,2.5845699472689505,140.71687295829898,20.086536439187466
22.69554405249293,191.26969517915725,56.251672775657035,57.30560841434975,8.521098972627264,121.95188766390933,11.152354157630839
76.80065196613418,125.17318054566721,80.11870065970153,10.33640000139002,5.656105603996997,140.23970857524967,15.587183479190589
9.986335561706667,53.44213304565792,35.28148777854664,46.250353131054474,5.281570022606227,153.80664474521447,8.09281358339656
136.8514583014234,137.6231300371128,64.45968076151587,22.011897128706373,1.236211831505253,114.31269942036793,16.055188971987608
42.52309733200245,127.44436568700021,89.16788608243778,77.10829626853122,8.615382964159407,25.062801374845442,19.424663972544376
101.06573123132739,78.0509164262397,63.50700287731893,39.716560444154126,7.255861601763988,92.89672764342585,12.762658510773246
50.19810603296459,31.575942517929512,27.131150101595207,64.86741888246233,0.7699167828100156,23.20038689417286,7.227615510715605
80.40986307078256,137.59890716263192,7.318074247871111,44.91767028818842,7.10756746257471,79.28231527551324,13.262257267522095
84.27299050477555,108.85846317172073,87.65939302058834,5.386177562675895,5.481028351692196,79.2081031513567,20.980779590535782
31.80389605120142,156.74049442977147,7.0205940307867785,51.385807296333745,0.9090809228931047,21.221673503841068,13.579025097996462
145.58977102586098,108.83106521127874,88.09665890499895,76.20946069211925,4.637176351133699,69.29949077481149,18.509223707284995
117.39425938736161,171.91448506052262,55.24902773258514,48.925721971413836,4.898493242587465,28.86967679452352,21.264228598569417
141.22734652680742,114.86229936715225,94.21143135872514,65.89673103528963,1.7411679476164301,147.39998570156777,19.849632723460168
134.74996581200907,116.5782145917234,80.88440739849821,70.96810414117581,9.462411655302795,171.10696441396004,25.023646735414527
91.69549692760735,176.56418450508556,99.80374050066706,19.790222212016733,8.514756177658553,22.293800793849563,31.5563258780225
138.67176407835194,86.66174458035543,38.317622467912464,18.539497512841677,6.7233211395581725,172.36958523958924,29.238235811398802
17.831412797528326,35.46289340562174,77.88288744845705,49.65651713037735,4.676726053906011,98.83802188724668,10.888063734364437
33.41751505077605,15.468708499534404,43.183436792878005,34.060220644922964,4.176478861686634,60.92616525215856,19.14697038861876
11.55795689202802,153.4760785779876,50.58818392887134,67.50918162360419,6.544637324794446,23.066552796947796,22.311695998850414
52.17289796067333,127.85881475715829,64.61301900574516,72.20180362504487,5.499775507128364,95.10612557197103,14.83776676695941
61.35820700497489,143.77515593885246,87.99932584770218,29.566867585612012,0.7165037482306675,145.06764256342728,24.473023565606717
44.345609607214904,50.46319068669304,98.48792957393303,20.4759036000096,5.173776222826284,130.20470113533867,28.03911359438637
125.16693882702975,35.910580361486254,77.98597431712923,62.88099018902122,8.083395810605111,18.538421948875538,15.780128011116425
56.72923237057044,12.763486476897565,44.68784430589671,23.434870772754614,4.6464747882098845,22.393312012543596,11.003273809336612
45.73550390467021,76.61163617325343,45.028915216321664,66.16391684406692,0.6143701177872573,78.4884580475483,21.252168636356302
83.69093205794603,122.08436050238029,75.07031865094469,35.0515837846035,7.884154173901927,60.19938398815036,23.805593773034452
25.434012621340585,84.52636856894914,27.68382884798872,54.0688921447347,2.0935014431461467,49.50533491952813,17.965966749573706
121.31856220933575,93.12023518450852,15.495040747482493,9.451754479104117,2.660346265391584,57.77076481448131,19.546095137501823
15.80984333356677,181.7901519538122,38.68910497587377,50.6610273247727,1.7305928989797295,146.5920663604704,21.12460306987226
148.09860580707502,76.16853873442706,32.287704207137764,37.23787894150387,3.369129142227826,167.96876911741515,15.317212054300107
116.97549154801533,107.65800294036406,33.14927144331906,47.75546012768698,7.591839906317487,78.8674580696863,27.414180200146337
33.813773822455,158.8940724208172,27.192736349741445,15.105108204099347,5.24192000908898,164.0388703625245,26.57930315247345
5.800706982922348,85.34312864104133,8.99885301545438,59.47615210564621,2.1283246140920546,64.65426921213992,13.501857269203246
123.24190712595096,128.19647304329595,6.698023799674312,69.29817204837182,8.790517773705204,90.99428767844458,22.730414401418855
107.49431485790448,173.84910466188157,98.833627024923,18.9057044070805,8.807860364020138,48.42492962871995,18.123453191767407
110.70603936594316,190.408918494952,45.63844770490692,9.465735330572615,8.718726407955469,118.88092716989348,27.969108178567122
116.83420026946213,37.94396137651721,41.51103148016976,3.843809711614239,2.464082492677239,176.4267895797175,23.24104821498938
15.736474501443102,186.05164878068393,69.56649185584163,52.073777034574746,4.567269507391782,112.59382632737437,21.42172006899828
56.977530638919525,103.50209568511225,25.734119347181096,49.3533348149249,9.851397595794664,70.82839429930331,27.007303989866443
21.80101363114381,59.066433776802086,95.24631247527141,44.64239819169746,7.742923515468904,120.12896581838983,20.473773899657303
130.14999675196105,97.23579368526964,79.70277636947745,20.091873497046084,0.36895747013304225,30.896515339115886,22.67674894004672
95.3782283899959,196.20618930424064,13.494045219664654,32.49066768063014,0.7455254534788713,161.07204364511776,15.990759197079713
52.980213603634134,103.59743785864522,44.670173699568196,48.369154144521495,4.692920630442094,95.52427163257218,19.94453307215103
14.215960791473426,72.46280595462656,88.51623921840564,40.74781499101521,9.101280038029445,86.38945614673915,21.12984546479197
50.09243664877102,130.34616232017788,94.74954211768397,79.0472705767612,5.433147799731871,109.59701403709826,24.64742662133359
52.15158169387832,55.62766756785668,49.403143568737626,12.642300699425185,5.028343829539473,116.21325667419842,17.712631024943672
110.7928958590193,24.414032340646145,63.27408197501723,56.22127521571232,1.1441896295706429,22.201887058507214,17.22320309281023
97.4458333465059,34.48714716302335,20.868224878747146,33.536863912134784,6.602123036770511,126.04492760797841,24.70866123676079
133.64584767356735,34.32870940197677,99.16101948301277,35.39956996419795,8.238821289942232,51.12838565364003,21.958897480617516
73.47116414848264,38.86151176733593,27.008811631427122,57.97262572133775,3.866158074324867,131.37194752612027,11.161576478659939
22.341165661053747,36.377162803387925,94.55951854283694,56.010019803300835,7.778557324160742,149.83091504531345,31.37176066945851
108.42049414733428,131.7662015126108,66.716431654275,79.31796750877069,9.648318873618035,146.67294628392844,34.014571949232874
115.31383204945013,44.55721603583752,62.73499551349162,12.014754577421769,2.1172879453641222,103.92516445934115,13.655107021402308
86.38519364757695,75.67678383153401,53.705408546568314,10.120552651964974,5.280963348827939,98.4288816928277,24.407574495810444
116.79024109341134,180.38979788214226,26.913632113187074,58.49842773604181,2.942665785037298,34.288913427699995,18.404067216499357
76.60036147283665,100.05271164994575,21.770163040523286,47.11417952649991,7.9492587484350095,141.80884556853306,23.74842736496733
80.79626026038913,136.83597031899518,25.94618986166666,23.384531991664858,5.818174322223459,56.13959467594144,21.90188884581462
66.9934476619897,42.74077552830967,22.71163490370418,8.194710781140955,6.382365933748007,94.43822187905091,17.713992958265848
8.685773377893803,46.534913573647444,79.06052498884156,8.681343468521582,7.999350180197351,58.32659579767784,15.620453077843031
20.644256914029146,17.765037090630983,38.26189962083936,71.74688822380122,4.020107679358303,32.75082170994783,12.346078968536435
9.557231924576467,42.09766198371126,10.495054273522655,16.965651328061945,9.159391677229728,117.02480847159522,13.944137214597006
97.27950963324815,62.93216441607214,97.06474986337707,27.22298184501062,5.376985785736785,19.23644591989365,17.105440660056423
50.58161725606737,43.6319920125819,88.95965907152544,19.679199373705064,1.6637527460699455,137.26968980145398,19.215910953148825
78.7427502188819,26.853481413840566,93.13646690354523,29.68971185489111,6.989401269871144,63.98975519438983,17.9135406392585
136.5971387192835,32.92081550911415,99.51624315141136,7.415059734195283,7.953287369338718,10.022897810762505,26.15859827093059
41.147373226586865,97.5479659262179,21.520048675851292,42.48666369084509,3.235940602968514,96.89195367032907,25.184271217125556
64.50552384016632,49.20340649710057,42.64299179575258,7.273779960192762,8.586074644287654,17.964824449692532,16.129136751107136
114.55491508874206,79.21127359913434,77.03265519188868,64.4278076101442,9.070818222181087,56.94882482955291,25.25257080442191
38.17573399628526,105.6492814624228,71.12195871511027,20.229542389013776,2.8413544250403087,130.18600286747176,22.415432412888787
16.162086925174982,141.17501743957942,19.62011110228623,44.12092933915183,9.836862579880698,20.657235675717196,21.76277401838533
47.01396067249637,17.469306569808797,82.50414687410868,70.64616882979374,1.4930441276827084,152.6875437005204,19.43009759238727
28.37708665183064,161.8879757927181,26.321854324482764,52.768434785681144,2.099955117184651,10.649386851959129,20.07361945757973
139.8061595896731,129.30107400327248,26.262673408149194,43.57070735100415,1.9238259084564588,51.96005776432338,22.047592613463948
122.17745503684046,25.534216070285662,56.01257017487429,27.298032742999297,8.950498129077918,135.95368954585214,17.0027411611352
96.8435446940114,175.97993858028767,61.3292938099618,27.974149218539438,6.577496268017122,63.765925453982156,27.31057254397546
131.36178557721905,184.96575610104452,60.10818974459206,54.21998250545883,1.6058324039005016,27.3217059712223,25.548336872478075
121.5324511503716,21.604812372424114,13.691249552786713,79.54287017525107,4.459201841846655,71.23976619607274,14.365160490717649
32.0526585384752,62.60675314796871,88.35878194988614,53.62345680825153,6.1914504481910395,55.96685868536934,19.72261026347935
134.42105478104676,163.17824316068166,30.232004045927077,45.50710655486194,0.9262944413948946,153.26102336729434,24.863953293478506
83.20462507776935,152.1693411728951,17.303917521866396,58.990739798661195,8.835922047232653,63.26914598947433,20.33893774645619
122.07882249878907,45.05899367771169,89.43106758755283,38.286037758130014,8.055675000871199,144.11852020192123,29.598867812640762
134.9332384889065,49.77637143397496,95.78689233182656,6.691102722861247,5.101547058408718,161.6182646178249,35.261475785599245
51.11050387092026,80.38969953036258,86.90212364021781,45.859151638476966,9.674553491065787,83.74896132801003,18.28953265814564
20.95752905651313,102.05936718629405,81.90402709886342,76.69477219141966,4.235833694823487,164.69033445524664,13.762744239536083
38.05059856858154,127.46840659075623,67.24798816070707,15.673629503897452,9.842692158461329,74.14406917374278,22.91335292460036
66.93062935080717,80.09359151825676,57.33145020786824,55.820381484011925,6.712407988155908,173.89333080331838,25.26239046400561
123.6121410587615,97.8815960652981,13.263742191583964,17.672827715406406,6.383245605214021,25.179219169347398,17.17769142189544
129.8059345721698,152.01947824541375,43.80305524171638,43.79455938890034,1.7429534634282717,126.79327530555126,27.96366147452052
6.0080589270226525,16.969808549213603,40.40540911616983,9.54076307244413,8.831084807215975,93.94838687767788,9.897542539920936
79.05835887374703,57.963019425363946,29.676609457230988,37.12893302813844,4.33214791041409,75.90029692746,20.199866510030773
65.52459545657295,145.53642131806495,73.72491080041557,60.98073965382919,1.7061107172465457,117.56101938726215,16.4667403119746
37.20563251825589,180.08929916056786,52.10819483248323,29.110578890640603,0.22481444776001452,129.6557055778363,26.14463982110839
22.380478263384006,107.21871400197656,12.699390511226554,53.86311451000301,5.641581268019987,10.741755840552544,24.499484038057208
53.954199853526056,111.10156220040997,25.917404185232076,64.04509694159887,5.321256259014495,38.38202508702378,12.639458344090322
141.72190706731527,30.36268215455745,69.90958254766161,74.3198699193973,7.22160086145467,131.21782860783418,19.298084288038126
51.864425143009505,95.00834969645638,12.232431651578517,20.302082384725377,8.91355472487624,123.2855203082951,22.664420582497716
80.22464015278808,111.1972806264544,85.86465683463302,33.146641433126035,0.8861251879659923,174.22807587187512,17.565477504061853
106.93774903980079,56.06939569059863,52.03892006632756,13.88844903977256,7.341815254369587,139.3764243426331,19.837177803504872
57.726292344997624,61.15621388038238,50.65572484603156,79.41371316835327,1.955378246566064,171.63136031432748,17.24534987463378
145.9084019945393,81.68399098987831,61.27873954265417,74.30607549809504,8.595952826255923,129.43188526091717,13.301124648449047
144.55485776660612,13.81352757776801,83.34469176288917,44.11665616188365,8.208728787230395,60.66887546870534,20.3170623313414
41.5084328946778,71.19504146080388,38.04187475070834,67.67859696136085,5.453858174356889,27.9120367826456,11.255709300299692
77.1010333543959,50.17512132934348,69.41153449311103,42.63472222721929,7.131403706370784,142.91005676863904,16.89817803814033
48.627354923431604,72.22449691380379,58.74453657960015,50.639683664215255,3.2120661205191094,119.50536765090571,23.261417462385268
46.3018716847328,32.75480504565773,30.367685666095024,8.951705705049296,4.764562199434865,18.191622106860358,5.964801805241066
10.348607366407254,179.20018334058005,88.46984870374001,60.91109279875102,8.234205287333669,71.20857920316632,23.6659075576602
93.38682842708505,122.78256617526924,80.75547205265816,11.961651723548316,4.646725452014818,172.65596863232864,18.866611545579413
77.88845836818491,139.02944063745304,67.55292429255041,66.43327515969722,3.642202826721874,95.06819477073421,16.54507943243329
12.464418931248456,159.94253533539427,85.80526426395298,62.9981908382901,4.992703227777969,83.56395312334979,21.350358534302657
45.40373731430866,104.70401779652089,87.39294909118122,57.282086423952165,8.299667599128462,87.80893287707998,20.58340461860324
136.6985534651648,26.514854736610502,72.2944827879283,4.820509680931445,3.4185596689716404,45.510063080877835,18.351084670833963
39.736474146711004,112.05024294552408,84.51626619454885,25.64401176373563,1.8202397720438637,72.68021904701519,19.43546132851619
26.009756453227347,121.49981242396703,71.25978885858194,22.522780453045744,7.1489388012747295,72.86825351782002,14.673618990484803
75.97065024024664,151.6335000950227,69.61337331722854,30.09063978277849,8.27718430581001,18.900353431870307,14.71537345971534
147.9193158460371,92.01531378363909,63.76808093044251,8.836134247579405,1.09631103738298,140.4864968480461,11.560698230349447
40.09801436916756,34.24025753115711,76.50808075797592,75.0827101964229,2.474753716283853,80.80575342365943,8.984402125786364
102.45965437385239,63.91742210175765,20.067485002842,45.19657477556535,1.5055226986338397,149.77058075879197,28.505636155661392
115.43484422266405,78.98563631574066,88.6827221238982,25.830896231325838,3.54461997466345,154.55916019038222,24.185270394782762
39.457443878897955,132.72427585300423,87.82513513579704,32.96455833179411,4.558474691163585,46.038989298771874,8.219064710850182
110.59137054871964,118.44787788709326,7.778491888283119,36.88179815937718,7.513380735936734,121.75009196892185,9.88196152152217
58.328554244291716,77.65837792059078,83.45259130365245,48.84635800212815,6.546361090328574,90.2879067077069,18.394940057858477
96.68434543606902,197.43789727066616,17.24263740997729,42.22299536032683,6.247192818036469,159.62664544665247,20.63081437063655
96.86180806032974,125.09721567780856,36.83629115461848,73.71257391072456,3.5885119714355787,46.6759154599972,16.54669253886994
82.68732919083998,55.07309042983895,75.63328434770274,40.76315166665476,8.430330775539124,125.22824405270752,15.754080698197166
18.092016657889204,29.33866979787671,20.27219012458928,79.38832515621839,4.765742957241829,113.31786078296284,9.887332555863905
126.11886186043951,39.04323644502308,82.70686729131091,68.41114670411747,9.79313888635003,60.201251187211575,19.263937023858198
51.5131094209017,56.73196839305655,84.05274690598549,18.263820119872193,6.378007169127795,33.222153620699345,13.309999168363019
32.04518400797886,40.52946091931558,53.20943470727944,74.58642674222547,1.3500209414885773,120.77875928113701,-0.7230748857514655
10.912395525440768,45.44773456974809,5.60665781309919,11.076579035067136,6.794157864546796,135.5615678824962,9.000892601889532
90.67947676229507,64.16808205183095,32.26862265161671,65.76107726231294,3.31852975277382,63.6566484397695,6.9305239987801235
103.24683246713094,42.940983106003415,63.60805724569551,31.688616891173247,6.894639247192364,119.62154268379335,15.66844982108612
7.4052351945391415,180.38543067902077,98.21268691260524,70.48199699471542,0.7894473668078168,77.17225429395556,27.29438579610379
79.25349345339575,25.24441167571202,65.02228506658349,69.70842182838113,1.8313262280419982,131.24517015804503,13.35610935987231
37.841887403701,109.65716401834838,29.681340201095182,64.86218120917445,8.571798863167285,43.86659673198903,10.387928387360155
98.55005460937024,87.97539712803568,65.23054179446308,63.622374031950784,2.3490776145327974,161.33655044814964,18.429724288254256
30.28313220572376,196.6519372126352,56.29861107300627,25.76497284964718,8.386707139905106,58.859631399148554,16.422594290348542
105.18597202485756,31.287391411929946,79.08531253935864,8.31170407799767,2.8648332756986634,72.523617918546,13.127808051035057
61.07662521357793,85.5925638186909,15.16316068856105,33.43245394368259,6.464530909581206,19.875631853659463,12.094399555874563
140.8258483668265,194.19938232232008,77.29765073769266,15.534912168947676,6.972090677747327,28.957076094616987,26.47778772589672
24.940536901169022,174.44635391985625,56.420324974230475,56.20618493439201,5.175282056136024,97.69652346109578,6.545280128063615
54.45462090228748,165.2436934803632,96.4842403666045,28.99577866994727,3.12257569929764,55.49075504375515,14.557325562666044
21.453660579885415,59.001537138538566,37.47785577367518,78.09759566707336,2.2051793260738517,152.03163837617305,3.8732319307090997
139.0805746503916,42.468641604112506,65.09907984772508,51.9958220329359,0.42857461016801957,12.497876071342153,11.473589512941343
132.21420624024225,137.04221178564188,93.54267002345166,66.15348396348016,3.109069372283166,74.44598827422915,9.474463988801789
42.40153601869756,186.5814379342413,14.73842415911453,12.336924473864178,6.566311626259702,67.34874295074576,8.001693252196997
100.69768667495596,115.78494967264666,94.03670628746286,69.23712961726456,9.389217702639979,13.285697255992176,12.845120036577768
123.49721902917629,118.60641099928097,70.34914361857727,73.97506086004476,8.724924374404216,31.142627830086738,18.893026711073908
85.50411768192204,63.19602779545399,11.44452061499133,39.990829667877,7.684041287699496,80.31925473616799,13.95354637359571
81.79933386162094,156.20365730646802,33.59153885994755,49.28772914457624,7.905628698207657,93.78697935606593,6.069191563642884
40.06858218056549,45.53831222592944,72.27634842130175,61.65516447043365,6.683350544412353,78.72925703332774,9.694770188146991
18.499901331855384,71.4990549168063,11.398307139533312,15.637412926312178,2.67683988990343,100.25940533005596,1.1055115564174058
135.09628490323237,90.83292333711918,60.30619371674596,41.20015396414851,9.081230803987715,111.17238473396586,7.707342876248436
135.56061828868292,106.44597195004646,37.85889041053089,33.09571616624042,6.740249887867757,11.687049591732057,8.93176132000656
96.79971130462386,56.057849158865245,63.98697418791033,13.417171388655431,5.6483622467063554,88.89617710709565,7.980823869679359
54.1593197020616,31.818996700448672,9.345493212188721,30.667684938739452,1.1987957452134628,173.79487095089002,17.183804928362147
55.63538831883583,126.0178080639102,87.79599658447574,7.317440132068498,4.525849883683612,98.23548762202329,12.031656742230787
110.26357343618471,64.8398051156486,97.4814520718527,4.013328742059985,4.65754688489907,125.18218546802204,4.185367621425891
135.0809876931237,120.43526207029633,97.0433962521407,12.542970554076176,8.659179734274433,63.01685584587015,10.764135586216582
133.627531518442,39.328915902098444,76.21692401557785,77.12297870395555,5.511817379859106,141.57853428596962,16.673051936773764
118.08195414935545,101.41661935241532,17.35819281241004,44.86330379981132,3.865965434807056,141.39665191893957,19.11457463016327
98.09458869237173,111.19199218480131,77.03500361325715,77.33412856995116,9.770323252255528,98.62032810120363,4.98194236892412
17.200294924282083,19.846471996261112,7.3357570635861435,35.73483450975029,1.1961338739305254,175.9223499574663,-6.8504614836442705
28.436163543718997,73.95481285684491,7.101737395254739,26.32165838065025,4.283229440288252,31.343536509651074,11.708693748015916
135.2903573364265,35.53878861840511,35.74297081920642,41.47906530153904,0.5160442841969124,12.881103031228768,5.62158794111476
92.93221365064053,22.04124438982587,51.421103088443246,36.28191171336699,7.42505079559261,140.92689599870633,4.220916889078058
6.333572484411299,198.0924441540896,78.18870469174036,10.241845372416025,9.188957866771592,147.21644135203005,13.816696238006832
19.713373715574654,71.24723054519737,69.913060777618,51.984452545836085,2.8723695625498458,30.43522895049796,-9.737039322429904
101.2077565206681,163.87614471238064,47.360757105791095,18.85097823574877,8.597582600311297,55.14908160296303,9.721786533501291
5.73392965770171,58.38172440511513,30.99453329675826,50.32786048203071,2.992960481572788,12.983901772326915,2.22797305527681
28.317167455537305,139.48551722254655,99.72682751498256,52.71568520705596,9.116624600274761,59.862463832696,14.127179751762409
84.56639945815499,154.44329337904045,45.48722371241743,13.857938544034553,7.564222845608161,141.43411856617416,4.566173282842786
105.32480366544053,123.17136071549041,47.88176731131917,6.785270914632116,8.068577090730242,98.05328971113842,9.318489795738158
99.53438262787708,99.59947582453009,20.54426301320857,62.89940371333831,0.2782649004444996,69.17625083860898,-1.5384071814017686
37.51904987178117,88.24977368798102,80.5069071312433,37.86443305400697,9.631822535032857,73.19568013407616,9.03381309981464
108.2659870953927,76.2849706431691,70.89981144924143,6.536776049427112,7.2940428214962,10.230116371629586,1.8893074603961377
39.40111768703601,186.61053740708692,25.973113214932237,79.59957273924184,3.11703584432272,60.9660896860901,2.179199573205255
52.18295623309382,167.81768747966854,12.826199333505055,6.506883757716597,8.311007182102585,119.89798607844818,1.621941200766158
113.2412537421135,193.35511302663738,69.64743369709774,56.21274785096715,2.887059864307807,175.6130554487807,13.227944325335777
99.19677036184612,33.6164724622535,67.17856535670785,78.72695617054626,8.740263011704666,154.0003405872629,13.127315957911906
128.1373945216558,148.8648202886924,30.959655064829885,20.656048128842198,1.2145458650781766,14.011143989739951,2.102905364927225
100.35386938354979,188.2846867959972,95.33203841378898,13.095450757601302,7.066491176861878,162.7553027947227,11.68384684843032
87.40474748364339,44.43428257147543,19.35049971918552,11.468025274949454,5.452914918784612,143.1437302607664,-3.4069426907376386
18.58284133507341,22.634290799687726,46.07180609904718,25.655461510272453,1.055691254934864,142.66394100706668,-1.2952890232729466
58.31879144361786,150.81292336511123,94.64351241592189,9.881573258830443,2.4947488997625062,87.85927903060715,4.983368252754979
43.45434331385019,119.14989150418326,44.87409510798162,55.988584652142286,0.22279995914541642,77.66089980226548,14.258497639016902
40.37849828996712,169.9474675840717,65.65996502808812,6.85876025414489,4.740802858098608,61.495673901642746,-1.3348683598785689
146.08653043910462,36.556751558995,42.77146780646546,41.7349259956836,3.082526081524004,21.168126022242184,9.719716576767366
61.99917007668026,161.10078925337913,31.05044422312365,79.7423546005322,6.023739094547812,48.800011793928846,9.160783583910007
134.34675050068142,48.30919080907146,98.47787655618369,65.48968102146947,3.0426542963153103,51.92261794626418,6.4977236321257585
96.51510076960312,41.09462914448386,43.88673059992909,49.98711618201885,3.0691992039191485,92.29310185073427,10.969480914985434
120.24763901353901,41.210501606888656,89.93942434951776,25.88778242135571,7.4576126674428735,137.06554912143798,9.323163139057845
77.88237850025286,164.7691968439626,26.845687559653186,50.6638752307478,0.5766140761856992,90.54767082765092,3.845157871079996
88.65106327082206,136.387471932278,25.244946882382912,43.109234185108825,9.038660452400674,19.8335564060173,3.9519013678294996
76.41506560373527,109.38243070613267,7.957737874028579,35.23450394344898,8.537412356472696,172.82426616799467,11.354904922414295
33.31023323071645,78.17779198346547,66.90834841070908,12.195409385735559,6.711266363941425,170.26313424599908,9.85555248915123
109.75555671291828,176.66810275449058,40.01000265375731,71.1551287887564,5.972893544063105,143.48222233522944,4.0091863809831505
45.71199255392409,84.56457041030072,87.11403373476551,37.083202608063154,8.933794731582557,178.5257432659175,0.39739218058462544
8.525815132560806,165.15389349959966,49.95494113569793,17.180555922019675,1.9347687773342732,102.56199657604469,-0.33222280138277305
98.59348290653934,93.4356326283415,96.97837565189856,30.68522936842859,0.8817947056892033,173.67061954304504,0.7612408667813497
30.6810485140221,81.61944159073244,22.62492399179651,34.302120697256306,2.4711506821044273,22.85285690484763,-3.087693927286969
141.36649473117257,97.90915927722523,87.51920095578302,66.5479558542162,7.966324959131883,72.16572720443313,13.619838527142099
143.31964366537517,67.261796091187,78.77670101521547,59.22192168378936,0.4432356405921849,48.31481556115019,-0.16297222821398005
137.65533658196503,152.0457822334877,78.23757524118494,62.00578170402451,5.869787667326547,43.2916243028259,5.9635242844799965
58.673011537039436,105.51687411757104,85.25440667110433,2.8604386254344827,9.954831410293968,33.93650131175494,4.624146606486066
7.241209396685777,54.12041207789529,77.29727913958489,34.460011858021396,8.57139132899164,115.81031906621944,6.863129077375504
139.60619157522018,180.919168922168,64.49093055498446,39.54484382755524,5.262312321531535,142.82471547704185,-3.7652634531768783
67.08670150601057,82.93933206091017,17.46826337982682,3.4969975921984213,0.7300450019377592,108.3107279014613,-4.977749443609728
145.16494876133208,113.27504361165784,8.089987051668931,22.265430282112668,8.330597792418528,34.98366062999564,4.129700782818457
144.72489667794167,182.2297010832639,92.48054554249025,61.30260620352653,6.029887230954384,147.89104088869004,15.23818999787686
128.6863710427672,128.60521922365848,63.58177987947011,12.694557046861926,1.2378366708897117,118.11230021783385,0.5185180827319589
47.69508935008992,32.210627734589174,80.67104264273675,43.75419025330215,1.0291871197512266,75.98817004158924,-10.784793986658933
60.83917064727916,188.56810348656026,50.74462339369226,18.785746017344525,9.105305512422264,124.6021502411307,8.71452535400421
128.41481736994425,129.2645300835694,16.144277951427476,2.945420422223675,6.725082603086976,54.18384647128158,-0.9248725784897682
50.95369074766026,73.63206678484636,16.89265025924229,20.813713692764235,8.30993931323588,68.68267544401579,-5.903428387483796
29.57644826948341,36.461693806043584,70.12870228675229,78.11815288298419,8.801891112794447,165.97259333243835,0.3739159850809717
85.73618305646077,160.86478596135623,45.87906001544896,64.51989472687319,5.76054628527839,59.38576596414146,1.9314884323286985
140.74244225331324,127.81382362641757,24.049849036531988,76.8469782570406,5.222718882374909,89.89800558684922,0.3577997480883557
105.92432051787108,111.35760747550108,51.7014819404365,40.052615426256274,4.3612313621778025,161.32399335732248,-7.334445710206785
87.65886966295793,179.83959077968194,11.09984902213774,10.559423496845273,3.2377712191320813,130.31262954547967,5.851909800606148
19.09059159676144,159.83347013266084,60.287283181867885,44.74084013994805,4.402500012501246,20.57454844799947,5.936025230593837
94.17604787137961,38.81822714922272,30.55437342133428,37.44143209567695,7.761408591728548,35.04151752742496,3.316197873755671
148.55780826511818,69.22719288115417,80.76811456053288,67.85985245369004,6.059041967049803,11.33307043122586,-2.4417502537635016
25.312182209295983,57.21293656474849,34.48438609773951,9.650441301171078,8.935980570552976,117.25670433895777,-0.6109661596417051
80.15779959274182,151.34979558880863,48.245914162771115,40.0828086876987,4.4894621423539585,86.10448231977111,1.8673431745715474
132.21909542955353,16.371162599798083,6.10395129126956,13.703795846130772,6.110186829315665,32.82672465338684,1.5213104808914748
112.41144957435965,118.27904012555014,11.882454340483093,27.324722297424678,6.349944775610688,172.84880057965097,6.5733446270007265
106.06728244431386,154.8671502907312,42.286887858635055,59.51385203624837,5.957801906832622,100.04215307075538,-0.03629010514367881
106.86019217813084,176.5854709847324,50.594189298126736,39.12941409076379,7.056074353546611,51.12185999919116,4.180460564022068
57.1262169268645,74.99553225602241,62.001952071333854,31.31928624137001,2.4505913369105823,95.10260709630029,1.469664820643966
47.57081741835154,166.03888788768245,32.707944977383804,32.76914972846275,5.172401397703327,125.53545656496833,8.79334400002734
122.35736754438447,31.020030021489372,71.02327918202154,37.83684793566696,1.131825547802642,22.96066705550596,2.078908478879986
122.46644222848121,170.82593542955846,86.71162773297443,63.23129041929044,3.9066621436836444,56.69964855814164,8.235100312989399
130.72548619411504,34.222845843076655,79.08584394486823,71.58260573733828,4.927903979350518,147.18413345027892,4.316786309307162
137.41988012068833,85.48458520646977,8.763788408093928,76.51610554730641,6.557020169500177,88.14302796845242,9.042500483136143
79.14464783483598,161.4861194981152,50.64815998949375,63.37846412791302,9.510257420603415,102.91811414549014,7.1261704415133575
77.71986272964395,38.484311196267015,14.968366949726612,26.601737868344994,6.046445558828723,83.57872037560978,-5.642293221253032
120.7528009501824,53.55776509420188,27.99427650694011,55.67450707475029,7.461579770147941,17.46299024931087,7.474654889703923
99.24476996277595,147.2279879946826,98.73294636037892,36.13304367632057,5.112033989002507,38.17746256942651,7.057279546984569
106.78519720236699,146.80694194375414,18.53707657564376,21.86430851959199,6.3776299106256795,85.74207858612145,-0.1849924065209363
120.38993706823466,131.81805024820648,52.39437457787883,67.58798319522197,0.8022289397243569,45.56152911934773,-2.024595814140331
134.05077456354712,141.850204448749,63.724794760221315,4.9972552190613495,2.6184766503342853,18.496434872145386,2.6773573478552035
54.00929774347269,113.11764423604328,71.73417220168987,72.33743538656303,3.6823456227308733,153.42044288881004,4.778656610258512
59.45952813279188,57.84182119232102,58.16662493125684,37.99524224072926,4.777684214564484,176.8027299578997,2.65927277121048
18.627381276926005,75.6822387657447,5.928230504822448,51.70171519104587,0.551922580473599,144.8342885794457,-2.317691409173692
88.85062044444523,44.503566192270874,36.01382428317923,53.429605932051054,1.4862385657778452,155.1434366897934,8.031475689872224
10.211629700527602,182.60560665338937,54.182606121547586,71.81918377510983,2.8404616471339272,51.13611215389771,4.831561231799871
72.51171262920673,120.84444100556289,13.347317418759168,51.66023520904217,9.718173639920401,173.30658583724397,5.14264832580188
83.68347203259862,86.16176918509157,38.309558464872175,49.88681961128482,3.3803353703202026,43.477369757082826,3.7902535118024927
46.54848155860124,97.7811026923852,8.154295335179825,7.198859163733817,4.872206475309617,171.7430677615115,-5.242057237617459
90.67082278250656,189.98383452624492,12.46495722972697,42.43582571172592,2.04136735611009,179.11927997421168,4.378063071031205
9.422536241162167,39.13676659205524,42.70771123915163,13.71318206372925,6.146722703650106,130.99287697682828,8.03930449058349
10.41548736863609,121.38366808319148,17.607996634090732,59.519833960275875,2.878763833608146,176.79443440460972,-1.6376509502953607
124.27708129565045,106.11884898804854,58.91638058484802,41.95330982338861,2.149226526540425,106.82176252640762,-1.9108085519903044
57.227643004633116,126.17630473258309,70.49917206804024,55.05776677825156,5.214069021615193,54.122103139935355,-1.4160318083356493
23.423774334523294,13.440934925959697,81.05573641536287,5.2504862469859725,0.15450741168816615,84.28930056315555,-8.817419801384432
80.72527270794663,175.70354269938878,24.01427320325696,8.613777251572651,0.17587392322733075,110.90535901439361,-3.973599951094053
116.64906519929858,187.10247367188634,20.910845314611628,57.87322426888922,2.268781210108392,22.423865544592548,-0.8884019281060214
36.29404898704226,117.3753048819497,14.933944831768024,7.622578207896522,0.4635414887581293,115.79835498493183,-9.579898986381906
95.31911899375504,142.36365653660954,65.46087370664549,7.5580247656901705,1.1694549658938447,176.80023224959007,3.4584058123009664
17.375382424096358,185.2748824236862,72.11519401625561,2.944461068321221,3.454720428453641,42.3183004632337,5.155785456928423
12.493849569448116,144.37534051954574,8.000683758435994,76.60710906735945,8.045598227840149,144.74116976902516,-2.2690463494710658
82.04642157738147,38.98241815370966,93.94016339315053,59.525652037802544,5.763281569356078,164.34279494253528,12.439006903641786
83.39209263346544,119.4947884316945,9.93727194688988,29.553609863161004,5.175410486968523,170.42927077943753,5.2942615264224075
97.42733571723996,125.27585881274263,56.423151853601695,25.129775340437106,3.0055393497604044,173.22305274892602,9.297777681857067
110.28324338978592,90.58482754745334,72.36074934783706,29.276851920176266,9.324361822384882,98.64813858265023,2.978799712046679
146.49855152206752,149.92440476869734,87.74206675587813,62.42297543213218,4.030448908248197,176.14234435855562,12.75041495946268
79.86355050367332,187.52973280611283,72.83825855258064,53.586907663492326,0.9622183912781378,138.7427352128546,-1.1059759273850762
51.828688576480666,185.8580174522875,81.16416789163023,16.4452542936625,6.208958509566233,37.48414416028352,8.58225585076855
120.30199824146203,95.6594805667851,37.24776829156657,15.580528156058579,1.227000095418354,91.0730180995549,2.1504164168126643
44.27067643300076,31.515228709743496,82.40838580591866,9.67486067764499,3.517709113736752,132.1162998132407,4.304180026231052
68.65085600231723,197.11982780284356,12.61091040654414,53.503612136704376,5.123378193306308,52.047853689244164,-3.349322674004635
16.376175294628563,169.3906364247275,90.00758232575012,61.621067653295405,8.75480299438324,118.90458120331085,2.3621449850244103
8.675857795241338,33.685909428620704,57.02127573460494,22.673621409350314,4.9861111453671745,123.32208143792526,3.477762891048597
144.58402012829913,184.95995769730075,82.6432881464369,3.6337069604111996,7.052361783713476,37.658956447456205,3.113449842233675
126.21711747426984,175.28030879180437,47.97023702923851,8.409390063161332,9.928886706090797,106.06450311696857,11.00263968890634
105.9162598835862,108.5792308539537,66.13988104366987,77.49308271791237,1.4017422869900182,141.1765748663633,-2.1247459937520006
64.29817694006914,122.34233279153656,55.008252788930754,25.04469264323878,2.819842102643243,94.81226297111013,6.903885499134037
30.127676410272638,85.81051373532475,74.50100456675654,61.99940553137442,4.006303148416699,12.057529851938263,-5.05240982723661
27.683371187307475,20.404711376185954,12.75484829290601,50.723758370632574,4.2760989675344305,11.53653974347967,0.14986646264081038
41.285220233866326,73.68747591272117,10.73344797910356,31.79129189292588,4.169108645128903,70.69498847490206,2.9695995008385596
84.63786638238747,162.54215523362217,28.47480723096391,18.0436064512533,9.085348925309894,167.45299163340295,4.522699382553821
108.61640879150904,10.880084370874544,20.15674461075289,11.4681406164337,7.168923180221879,48.87505253261349,4.998612945707385
100.72861962407103,73.3648426213174,87.81943882625916,49.9710115070316,6.118261619497967,117.84182710818682,8.475385589520206
45.590415057161714,85.65205178227923,25.82532879901421,62.42143488974746,3.162789906841543,47.752898017864496,-2.0361215613899404
143.45546569616315,112.10516455820535,97.70719930281747,52.224531776208195,8.255524803790818,64.68389824212326,4.8686718879308
111.99505292088644,184.7725671184245,37.00510021825515,43.36356639343435,9.555099063701391,154.16715523225227,0.6625837718907022
85.3813376141531,75.80573892953264,22.30120199042643,5.272195427667628,8.229862997247242,133.90644518589096,7.343168095340208
93.69950820398107,75.92110836028326,80.02135817853552,77.54212465236193,0.11549454139558175,26.217877143245808,-5.020994757408694
65.84200905202954,150.1252371408522,67.57723867258323,64.29970694905683,6.400373564815729,82.87934356769371,7.711079412132468
40.920993477667835,95.92140876906336,52.3285930630482,24.84011886267525,0.6062402762767972,14.95885981969496,-1.0353435895569774
56.61603840443293,52.674916358596576,57.75953733907497,78.43768568999035,2.6503114813038464,91.75132492251153,6.735616383149769
114.88768601733352,95.96350806521174,73.32416893586506,48.94676399163313,0.6892945334429397,122.61378198918158,4.550677416554754
7.0870558513146005,36.76283387216198,26.70320042647338,47.42896734016522,6.077574984198939,30.145446011685763,-0.8953081913419987
21.830532873502854,43.51352743618243,99.65172202539048,60.34970799550351,6.897240143576807,59.11043961455816,9.170778807764933
11.670383093154149,104.68987682050115,97.6053504039444,65.31804347103073,1.2334276168524607,77.63222633536668,5.759242522105842
10.90567633625067,89.59583540586411,66.780940202959,53.205331371857206,3.900004942145297,166.32027419152845,7.241810159259071
129.04178468159603,183.820721202939,23.95653283826879,11.991468216563602,4.616741438659866,178.8533526219039,12.070281279855807
107.03038961010343,78.85484083216029,69.62168303097268,28.384865467570876,3.7536249154330745,17.634920829254696,-2.2271279699014848
73.75520521766215,120.31178655282825,11.858848853021705,74.39052394543188,1.2981475048034112,139.37134699421665,8.57530175597846
19.185953294395212,130.13021470471077,7.9119877095515765,19.52001772382045,4.247583122856006,73.19309128839835,6.012104010306006
76.28430189194069,12.48794675178339,29.4798744085653,31.02902785932604,7.536662673303339,76.7178916590116,0.075110747556006
73.65340676318202,136.072100683175,48.94918089023505,35.70199686964729,0.8029758788792292,138.22504546899387,5.176738009253583
30.1142711369522,43.826833705252774,87.48588801379616,36.27358919616727,0.8937821394108442,166.13249346471946,5.35850665915272
67.90848913950609,192.60336031919647,74.08106162779926,49.80928743457299,3.612235789176244,171.65786106543322,10.220202985008203
62.78318648761915,38.24591827309146,75.5571195139982,75.55991534408719,9.423084545027358,108.11083962651453,11.432595570214124
94.29826421757139,88.7785835081345,45.42186677256716,20.77403152293539,6.718869202556849,70.71059708108548,15.18438603893679
97.08857937580835,26.216436934942333,37.86382429196148,11.47710735147161,6.818832571058391,143.88334459599247,13.54953036405581
11.569081416946455,199.40610785073,40.24868248353726,17.402698209075112,3.6830079092948633,52.67023515459105,-0.5962306750254367
59.31882912083832,105.41705196293609,98.82670855492549,71.18014221632302,5.9772418329645305,105.89258490169802,13.88477391448449
95.74968777856428,123.12315329080832,8.810373184185835,52.37324338710607,0.20029872187465947,70.95833845922843,11.655502212869482
77.95475749411271,22.74453070380122,87.36799213163262,24.30072956065449,6.397350859454468,121.62728253033893,11.5429910523894
129.19102697230673,152.49248937584377,59.97416381437738,65.64386123955214,9.141540781004744,50.86781519189617,18.63728692186732
100.51057658474703,49.8820626881613,46.66846482301109,69.18685971634801,6.16447733661371,42.57080077492038,18.34735752365698
28.625491926807307,180.63031499373562,73.89947773943797,68.02811841784168,8.749616075316816,166.1006447348243,18.871955015638477
15.232468373062327,48.976531691581364,51.233549435346774,73.67626962388525,7.267333249114329,27.306626101421273,7.766684385038015
98.15079533991576,46.230666926096646,87.97520761775775,21.674799573522204,1.2935283223965337,96.01284431493838,13.684425475270961
8.844140028535163,16.944436891138025,90.56667708106956,60.893270442209705,9.034287742129832,47.54497310371151,9.485207018324488
89.93745928465218,99.69271957089985,45.063488052978265,37.92208078738292,0.7577940591221713,16.61809376536347,6.331724900111002
141.33338500661884,117.31981531989712,31.2986407373299,67.6758871254248,5.386277978222862,16.123199109542487,8.571553701084042
88.44375579200245,22.48464149138695,61.27328121636941,58.82227281860583,1.507157525555231,39.78770125799065,14.47754208805226
61.284639299945674,157.350247172052,91.67451783358564,62.56290082697852,0.21589544623595025,157.35096026602005,7.581329455406523
98.27679167414121,96.12487860212525,25.012907955538324,53.18062333912358,4.278139175263626,58.021386476094534,16.676435546400587
71.4466691212699,109.63415117224021,64.18182543853086,15.839444018637137,3.020903005776147,171.57805899780027,13.986887184123901
84.11443445081056,93.74492191826334,64.99822090878945,44.51209967396119,4.91140488859627,108.8757898081629,4.7358525552050015
141.51239727259616,86.14498156631194,74.64573712945169,78.80423968291164,5.814278878672053,84.22441226069023,15.999884019459893
60.984882481112265,116.3316629485614,17.498930087089683,75.11626918677527,0.5330168158585789,108.61510189380728,-2.4540224636967416
144.37263175446756,39.495646726835375,73.0033716447984,5.36755139216691,1.317732621725082,97.83872548846551,14.010216733229708
136.27584308362924,44.56634479410151,91.3580894632359,14.855555626896095,5.630559724859211,138.9919631387453,19.147973979566235
33.38971454444798,173.73926799256827,22.069895342672986,12.27484432945583,3.4973567964093166,58.02433121538488,5.945602969670898
15.057388626898991,189.76193780539023,27.566615867768377,58.626432978853046,7.318817526739535,70.01856657205141,12.30143222202595
19.612810199726866,80.92877009315306,97.28253393395576,65.78725572884171,6.557687321060203,161.99603143065264,23.905333067770563
7.64216471947471,61.441487897275216,22.19281050740153,18.65388657223241,8.471483193600077,170.89760723556893,8.688323180224213
18.694229309609618,132.35991321541297,86.16658387011002,41.45651005024266,6.95567898402533,161.73489867270067,9.689333578080575
104.03598214537175,87.65949250863832,51.766396362563306,67.5748361848736,4.356317666162466,81.3061589727433,20.20606027686693
15.322354026733203,14.823407575465524,28.486952068301818,59.15852049176755,6.7623695617048805,142.66213551116988,20.077653710333678
51.25146639259539,39.66899349957617,87.72124062088858,44.294502028364164,2.8262736251286436,90.97707466118679,11.246806613730639
127.50692009057092,146.03472348100553,47.30399922525322,48.04711985578429,3.1325036379043056,94.58177486483737,19.516002831628334
8.37443068169475,135.19554896292874,53.90764862332057,41.65212265946984,7.910953083215854,44.79561853973827,19.137784559980226
123.09792997539569,15.148238575661864,39.12717009297774,25.208779202868005,4.519553212375663,110.49215155394779,8.789490871139417
45.86894234214299,52.17471076726039,61.33033088631811,46.07171544300326,8.00396537113169,41.64310261806915,10.128536096639637
22.133900005140156,53.904211351733565,20.53476789557716,55.73305355990708,8.241981499315957,66.36599884142294,17.277038722033012
106.02688897780185,137.65962128375838,42.15274598191727,70.119187437143,8.589867142846709,155.35513427538896,26.867990034472072
96.19671278308319,13.74500217332919,97.09417062185231,51.63072561038135,9.174688834827952,45.20288756584539,18.75150630634573
132.23344196142267,29.78063057706903,29.522676106607115,61.36747988936632,4.366753683081632,22.096908479483577,7.632653203725106
111.58530135156343,161.98405622090598,67.38998313142275,14.485587526456694,3.2567815013792747,21.73129074417877,24.63871410648056
121.50473490580305,43.92348579032338,35.89305610134601,38.00148300474361,5.863767591281727,169.93336848552835,13.390274509314583
45.89501302283944,134.02176049185618,78.47994694022707,2.7278663465132773,3.7746069920325134,96.17647445351189,12.895667442589474
30.728733848059807,55.254728398878036,17.432997768243233,21.240951432686597,6.050634251322306,79.60005220889312,12.962938779669809
113.83913898792446,28.89386462427558,97.13299928246175,58.66401377881438,7.0853000401738635,147.84935877134615,26.592084932733655
121.99103719375329,56.20271628989627,48.110006431445726,79.36117620525035,6.915209683072155,152.0904077447877,22.28597023217354
148.62324559009764,147.23071705257524,27.424794017914074,9.73589176780284,3.8080735814992015,66.47247562965279,18.0774122184244
64.82956315215684,172.5823289401943,11.982190996351203,33.31655663718048,1.751915996817653,127.91506977054519,16.287444649509016
58.94262243995356,167.7417742677284,21.12700098331637,64.40553555853444,4.362240450775855,141.09087869482073,16.31505411337695
117.57987930758954,85.46487062750641,54.37852511282168,17.91477950105411,1.5116820264108966,121.29061676721227,18.198836221471957
54.416513336687586,136.93617594842277,37.0153017609722,45.29662604557833,8.911960648319702,35.77116271601689,3.615738841130307
139.95981221251688,48.94701612900599,83.7439197588479,59.179561090314635,3.5241868613047886,158.9001241978997,17.51410121107385
129.4698490172367,65.69806874959252,45.93431474787156,50.046865120293965,1.6291514975109056,101.64607396512147,16.676714427789587
67.20413396937766,180.30380551901277,28.62785589582484,16.66592930000246,0.35193282306693374,58.02031248290063,7.749431975044047
113.87630482976712,12.470365467039848,63.62877372738286,29.719996357487673,6.493641624236194,82.28879152440797,18.71231231395105
114.40871674227894,26.246620862348934,72.14383560411736,63.135759189860984,6.405332942801958,16.387085367814255,15.506710141081498
19.95296098121023,49.49838847774519,20.868981250590238,45.229668102297296,3.471981249154788,31.737356207810986,19.69074633326003
135.87017146853717,15.041118736025746,20.92382554739018,2.4079098563471932,0.809947699591745,140.14294758769634,22.118893801397792
78.26159400493928,44.47273266706149,8.483785558686582,61.35727928219132,4.155326059462797,10.001977908412243,10.086168300575249
124.83633258562253,120.77789658424152,74.95819143123585,4.7542856853386475,3.1810532011275967,80.81619084198967,17.743948984077694
51.40719214943871,90.0706646125746,68.06143012407148,60.16723505303611,6.803494333376593,98.82673078455004,17.896770050973885
134.85086813194906,179.6076251046252,50.089933196232316,17.79348369288852,6.097214569581634,19.28785140016529,17.34960065172693
61.434243416453654,165.31427673030376,85.19619265207373,76.72973144931166,3.709477909155646,175.4232877052966,22.149083096849953
6.5714594646432625,74.94529682259643,81.53866453025505,30.69937860156259,2.257136287124402,48.441306312444226,10.186920195412975
136.28038658079322,59.290452351945575,60.60866461769145,27.50066607437017,9.881556064940359,61.713782338167746,15.239987082789423
18.236568133989365,82.1415575517807,87.48577164875957,13.613267925930685,4.594616049841537,61.670227083354646,19.34028809859086
51.30047745061015,122.15603907781347,24.554914953492982,25.83712880823676,6.913914934224347,49.17083255994948,19.80530830123335
142.7589852223667,60.93209175634649,15.632363842784148,70.37875942259964,1.4914743790257718,10.25054975467294,10.876229148859423
142.83803630594562,128.58829249133547,30.626213094114014,79.71407833492529,4.907338026628038,133.9886149949594,25.725755096104216
88.14849377787648,87.78821391633568,10.42325132848491,30.72814337953417,0.3726135267077083,174.3637349658785,12.99429362508237
96.61639576462089,114.88896436187625,55.46110516009804,36.99162921445432,5.104005667313454,48.12989215845766,20.03477940270595
70.02460068685637,92.86404053571017,93.97754076802134,58.32153317981349,9.643772330465254,122.71802260658181,27.261360559051052
47.51556189621936,65.94849431296436,8.737636363508416,71.12327087627581,3.9036464585594226,136.12237558298156,16.00553109270912
52.65635907863781,190.20612832280977,16.600441830952548,48.257458066569164,0.48606052449162473,154.2323144453892,19.934745215286146
102.51517613117058,155.08510089035457,47.95890768692635,32.53900445787069,0.4064623301015009,81.84696349231355,15.588382436824912
114.0943067684636,36.62150339562598,93.71812666515096,34.184503586192655,3.941068923474008,61.49825395887297,18.477606878955132
119.77896134024803,175.00891542060344,35.0348299727913,56.25821542675094,1.684246870985621,65.30017278391529,18.291742828641702
119.49463070521031,102.6119276674076,53.18730682539728,2.251024561133737,0.33118575364904057,131.14562662674717,15.057459202814098
18.224884942060104,179.96492310987736,8.94942160978725,50.32796832186757,7.586514778106751,148.85250930595814,19.205444581321224
76.69094418187431,161.9724986299899,19.092604091398442,29.728454814425877,4.639377787930718,40.87437451862245,10.401435956220077
13.34602020241342,90.79056584915436,98.72986168109045,63.94739183961257,2.96352324252928,73.05997138682008,15.790223537261031
84.68168793694166,14.269168580822306,96.68627616142433,9.25326990620431,9.010823511863158,163.3298334473555,21.72108829603207
69.02192269913967,61.04869828313976,5.469298188768914,47.87977682197446,1.2497757059852037,147.13789834810567,14.95051194718127
133.71710649995347,112.91050078556472,95.4221196152077,39.51588541111765,9.56359640665766,177.42592846962089,26.363513444239167
55.88267682005141,130.360861766968,65.71639409247254,52.101391020607736,3.208270502035793,138.22220414595373,20.333800647915844
21.97471738200285,58.99866023230843,87.4522379794021,7.058580369671531,8.895196355855944,76.84318417474678,22.709372965427765
25.7337938976612,36.47765407383659,48.20028628521661,47.23873541939424,6.069134477146669,110.40843177908842,22.51359564534932
115.41904159903348,168.63674499186683,53.98162271502877,45.79579786084285,8.284402861440725,122.37242322204445,21.863490923964193
94.64161918085786,197.0364143336749,51.44042512440742,45.73148736446133,9.841730315783597,23.33748877391107,17.807799278997777
19.662788037804585,109.88113463751031,68.35210446687992,49.07203799452348,2.955213834405583,102.56448304765706,13.54069828661154
17.19548688667463,42.61906431117767,18.266869201849726,54.764499103656256,9.61524130553517,130.58454084034364,16.90527935132613
106.64052406157239,61.738392038680104,7.847491037904406,64.78914197510005,3.955870759533962,38.44462168018026,15.721368136405241
15.55063592280806,13.494228544018679,34.25334445116314,23.04601617000072,3.916567856895531,142.7073919623447,12.698009604437473
124.16970859710165,183.7167732464948,71.94467245998143,66.35385399404484,3.4698323321196067,109.24137268739898,17.835876334012386
107.40512293769196,32.372705749126816,24.176077951680096,40.86394321654938,5.459935312741093,171.8777035685911,18.642773106668958
16.795573193075466,119.53813034770818,68.97608116586714,8.01054577247783,1.6260359274670224,17.211790695171587,17.36051365123175
17.30146854235283,62.07049193056914,97.1416443801907,6.566972481030378,5.58174370504431,55.105443384429385,22.191215283011474
148.06273888267043,115.29382047800075,13.920567999994747,28.07058885829274,5.4628776428590395,112.2641594809701,19.432293306678712
59.26926538463745,133.7698737868542,68.89720123138699,63.22196421469447,7.642827944788213,60.41518507500822,20.506950910370804
58.743111324699186,167.6509427043683,47.15627083393426,57.19911290979143,8.353134623182097,131.45210789211117,19.486676633204546
122.85593725233787,49.22004163451461,87.47351416586301,63.5119672444477,4.460369368092998,139.03089802872827,23.436229397143176
142.3510437206595,12.089207445111292,21.82922999750166,42.34698640244553,3.0930991685797884,27.427713891300655,13.474979918324461
147.97015425431627,36.00826971307338,70.79946546148562,36.335521840528266,2.6674154834392354,97.35525891515051,24.345794012505216
114.23983686254654,181.00354195113997,84.62095251657047,13.501297083090147,2.0267759833782324,96.5113944504795,14.454894861360925
59.55763990198279,176.0391147368779,94.7383508500322,27.5990347815263,0.6707110637703463,72.77773093664197,19.265122612842823
17.10760392130697,123.50848941235857,69.90856268751635,35.853510561562274,3.4902349904636623,168.59722663684425,22.683096337109404
117.68630280947833,124.09820348239414,52.2316025808006,8.910833515010143,2.7754521520947546,150.6760743784476,23.453524806482726
85.96861621169174,136.35696816378854,63.695487819115314,19.207732311474476,9.667532120077432,128.52559492463826,38.87473092541163
66.51219134081157,43.320542938455425,87.54597352547823,48.66157293697163,5.621317379875435,131.4355280749496,24.011850374740103
136.4213858387367,183.73826972574236,59.20792593068882,59.381722910656805,3.538042686402025,88.49174444823025,19.23247869552228
21.123634934391944,89.5663997294939,7.886770671199502,79.87110588865008,5.84662924983759,166.5690685864179,19.30909380195474
76.43064012217458,82.79632036740452,93.44012607316289,74.7828398447975,1.4780473433223857,128.08122263305853,12.851380529176836
6.6462784912757655,108.59436400373913,70.50504134799831,52.12008556374494,4.496033117101809,133.92678048148878,20.236138963429216
72.95579308914832,18.92353368726046,69.26877164883842,34.85734815693762,6.299719782068532,156.48745364384868,17.799964079397398
13.163974973866416,41.59384006365509,25.48913947778313,51.62183444724215,4.940088534745269,56.59217018817247,20.936881829883312
22.22859785887043,150.2263871210104,67.59411967210244,63.2808262102581,4.07761012647781,147.20205365733952,19.231900646431356
22.041305782680208,25.73174690577403,42.41711853714506,11.23022289202421,9.939099050107012,43.19090250260365,18.2135706867852
99.13549380682922,124.59890079861376,66.86713281894174,33.97258139631048,8.815116145274377,68.70813188163093,21.05097447768742
113.17650749348638,56.61633083945098,15.126337879259118,67.50457827957814,6.271718985778457,67.05377722587326,28.92996604724008
89.58847093908814,83.96616666797554,67.49530393728843,31.938970250777434,5.7368358757046,176.3493296261539,22.107938513991428
144.51501952880858,64.85180998643298,99.94430394821332,46.60603715572055,6.244538750263382,155.61132803714756,35.40474110828385
59.35623403093709,77.57781612834033,9.580143691752824,47.84601014725146,2.092989867442089,129.19887647034415,21.78191636868021
46.428252510869804,146.61872198500663,97.83154750102514,16.38914774442387,4.011863658316754,133.59964947461634,25.35011534747741
130.94687358747174,66.45312596840326,43.656256268672706,30.254364448878494,0.4906493756199033,105.55237504843709,21.33556606739403
37.421396585320636,117.61688165641047,87.72157778203962,28.091880521870706,4.807905771119584,171.00541340844825,24.853946008453033
144.66726821888864,100.44957641782894,79.32662098553598,4.043343265501054,5.4759433811808655,94.36398799000146,14.309501906985783
6.762398830023369,136.09752141890314,58.86654479373344,3.8869575835257093,2.3547223874217753,74.68801067788208,16.31624016366872
145.63242987260767,187.99765047170402,75.15267487887601,66.87236940671033,9.643885586938586,37.71600727837047,31.28518722003341
11.258187232833537,149.18869846994755,88.45897832362805,23.29952317787937,9.103600648278697,143.65496088437985,23.907993061205783
134.2157514862203,50.838671932243784,43.393330556848134,42.410143766627606,7.249218031013468,134.85546845285054,16.086027963590517
81.51666081751348,15.924795661644087,36.06815034850767,25.3005947399243,5.3805276247770895,75.34035654910294,17.93158635588555
148.97989543729855,59.830168416966764,68.42137162854056,75.37298111899656,8.712694680512081,14.282880373068991,31.802733236906477
15.700501886632836,123.06480683304842,81.74536448441957,22.225147191530354,1.393458203852283,152.62954571206183,25.835767272297225
85.30887123819151,19.770904562007566,77.4170878037785,35.513231393636936,7.926046963321362,11.941057187192518,19.667138096002095
145.54886766476935,104.30958696823491,80.79229664157027,70.07295953779894,1.3357260582717982,129.62896253693867,27.71000720589348
80.84918740467158,123.40014129420895,46.380414907228634,67.67081820976108,7.962685559239113,174.9437086534297,22.31599229918991
96.26280252961307,73.50633925522256,82.69425053662705,16.515910592009632,2.830098925688434,84.4024257851946,11.590516293386479
105.88355990276949,156.47331871170616,16.419860260207802,64.60617816406541,8.78319675208007,49.94547884931197,17.483053676686836
70.90845439132711,30.253668095416643,56.726464306280704,37.738577165555625,9.446016728871438,129.82807170737487,29.546343001925976
95.99592161218919,24.276178529803666,5.5470727473215495,39.671572022657706,1.573080097110645,148.91178414264948,15.337203078692072
89.72557522884954,148.35586367868464,35.83565384052568,12.411437848443615,4.680488490147396,102.89315373323404,19.27818571170286
135.6679115211934,104.14335007917771,39.8138458127828,8.286918073055723,9.811775043810583,174.39599679354484,23.523065876598366
11.589725149511391,140.79645532126986,42.63640570287926,58.77926594395368,4.885733616134151,18.783682681853385,26.51315634512784
45.7396624908734,92.61719433471178,71.0693846355369,40.72396988371338,8.649120472893998,95.81525171176979,29.47662997367087
142.809665191101,56.81638631543029,41.913019620682846,36.07435480398401,5.9284420691000665,132.1371710448335,32.70196933509443
134.08824866418286,165.62944035809795,47.625894149140414,58.901641834886945,3.8157660884040587,156.64888009536043,22.52741361904155
71.07022915392838,161.88901700410605,27.56669243306111,61.71000612130656,2.9292571997061154,40.47345402432431,19.201129891496873
94.91922668122282,141.99232946234108,40.458920204787304,14.394837078209578,2.111908601752264,146.00059189982585,12.106023947664886
45.22027153226424,61.70757607369291,26.59061458999939,49.59756165925602,7.6418020946392025,103.96020287215269,25.600517617447515
32.27756815994539,122.14382670512654,11.953612758002146,12.557618417659471,3.9267510175479763,77.41412593829375,9.752484007807206
72.23626871629742,78.58504041860509,62.3276163712309,60.60725671026556,5.161627075787436,32.39155485844591,19.112317183514858
56.23607306377766,27.400593932060488,68.48021586272654,53.24250218883688,4.974022252011701,157.1002790145151,13.505730345871047
89.63013621837645,184.28957933782613,63.851582870913376,76.61594044450972,5.815062389407999,36.73644539055161,18.141684775081416
16.271522359922802,35.99553987460267,49.03193416105437,7.378725275800852,8.669213741683068,62.66393606554687,12.283580652299321
146.28724711159413,190.54509722595247,41.07964911702683,6.450268249797837,9.80931950147595,59.30774043361427,20.485314536397183
148.0005579495424,94.74109686201159,87.0166967093234,24.01059182606961,4.135083664880788,158.14038581244523,20.002568603790507
